letterboxd_uri,director
https://boxd.it/2bf0,Stanley Kubrick
https://boxd.it/27DW,Cristian Mungiu
https://boxd.it/2aVE,Stanley Kubrick
https://boxd.it/2b1i,Katsuhiro Otomo
https://boxd.it/2aRi,Rainer Werner Fassbinder
https://boxd.it/6ZS,Francis Ford Coppola
https://boxd.it/1E3g,Robert Bresson
https://boxd.it/25A2,Stanley Kubrick
https://boxd.it/2ahu,Spike Jonze
https://boxd.it/23hW,Vittorio De Sica
https://boxd.it/29BI,David Lynch
https://boxd.it/1TSI,Jean-Marc Vallée
https://boxd.it/2atq,Bennett Miller
https://boxd.it/1UDa,Wong Kar-Wai
https://boxd.it/2a2a,Fernando Meirelles
https://boxd.it/1Yqk,David Cronenberg
https://boxd.it/1Wem,Ang Lee
https://boxd.it/6YK,Michel Gondry
https://boxd.it/1DXW,Atom Egoyan
https://boxd.it/2axs,Stanley Kubrick
https://boxd.it/2a9q,David Fincher
https://boxd.it/2a1Q,Stanley Kubrick
https://boxd.it/20FG,Roberto Rossellini
https://boxd.it/23jy,Woody Allen
https://boxd.it/1RSc,Akira Kurosawa
https://boxd.it/22WY,Alain Resnais
https://boxd.it/251c,Akira Kurosawa
https://boxd.it/29tE,Wong Kar-Wai
https://boxd.it/1txk,Erik Skjoldbjærg
https://boxd.it/24Qe,Alain Resnais
https://boxd.it/1DkK,Yasujirō Ozu
https://boxd.it/22ZI,Jean-Pierre Melville
https://boxd.it/2DjO,George Miller
https://boxd.it/1ORK,James Marsh
https://boxd.it/2apy,Jacques Tati
https://boxd.it/29E8,Jacques Tati
https://boxd.it/28Bs,Robert Bresson
https://boxd.it/1vLe,Louis Malle
https://boxd.it/29A6,Alain Resnais
https://boxd.it/29R2,Park Chan-wook
https://boxd.it/2aeA,Miloš Forman
https://boxd.it/1WLK,Jacques Tati
https://boxd.it/2ab2,Alfred Hitchcock
https://boxd.it/29Pq,Quentin Tarantino
https://boxd.it/20E4,Paul Thomas Anderson
https://boxd.it/1Tlu,Akira Kurosawa
https://boxd.it/2a9K,Akira Kurosawa
https://boxd.it/251m,Akira Kurosawa
https://boxd.it/2axi,Akira Kurosawa
https://boxd.it/2TTo,David O. Russell
https://boxd.it/azpY,"Bob Persichetti, Peter Ramsey, Rodney Rothman"
https://boxd.it/2b4m,Hayao Miyazaki
https://boxd.it/1ltu,Akira Kurosawa
https://boxd.it/23WU,Park Chan-wook
https://boxd.it/1m8W,Abbas Kiarostami
https://boxd.it/2b6C,Joel Coen
https://boxd.it/23Fk,David Fincher
https://boxd.it/1hJe,Robert Bresson
https://boxd.it/2aWM,Terry Gilliam
https://boxd.it/1YIe,David Cronenberg
https://boxd.it/HQe,Jean Eustache
https://boxd.it/2886,Michael Haneke
https://boxd.it/29Nu,Stanley Kubrick
https://boxd.it/1ZTW,George Sluizer
https://boxd.it/2aSK,Henri-Georges Clouzot
https://boxd.it/oyws,Joachim Trier
https://boxd.it/2b7q,Krzysztof Kieślowski
https://boxd.it/1HuY,Yasujirō Ozu
https://boxd.it/2aBa,Tony Scott
https://boxd.it/29vg,Vittorio De Sica
https://boxd.it/7bQA,Damien Chazelle
https://boxd.it/29ZU,Ingmar Bergman
https://boxd.it/29YC,Charles Crichton
https://boxd.it/2bfa,David Cronenberg
https://boxd.it/1MzY,Robert Bresson
https://boxd.it/26mU,Alexander Payne
https://boxd.it/1HMI,Hirokazu Kore-eda
https://boxd.it/29yE,"Ron Clements, John Musker"
https://boxd.it/2awY,Ridley Scott
https://boxd.it/2aH8,Miloš Forman
https://boxd.it/2bdo,Tony Kaye
https://boxd.it/2b8e,Robert Zemeckis
https://boxd.it/MPq,Grigoriy Chukhray
https://boxd.it/1OWA,Ron Fricke
https://boxd.it/25zS,Kinji Fukasaku
https://boxd.it/1XhG,"Gary Trousdale, Kirk Wise"
https://boxd.it/1SBw,Jean-Jacques Beineix
https://boxd.it/igPu,Ryan Coogler
https://boxd.it/2bcA,Ridley Scott
https://boxd.it/2b1W,Lars von Trier
https://boxd.it/1SIs,Sam Peckinpah
https://boxd.it/29n2,David Cronenberg
https://boxd.it/1blA,Kiyoshi Kurosawa
https://boxd.it/1U9u,Takashi Miike
https://boxd.it/27GG,Quentin Tarantino
https://boxd.it/1XRO,Akira Kurosawa
https://boxd.it/UDC,Robert Bresson
https://boxd.it/2cCk,Quentin Tarantino
https://boxd.it/1fVs,Akira Kurosawa
https://boxd.it/29eY,Stanley Kubrick
https://boxd.it/1ROu,Akira Kurosawa
https://boxd.it/sv94,Ryusuke Hamaguchi
https://boxd.it/E4G,Yasujirō Ozu
https://boxd.it/1YEc,Alexander Payne
https://boxd.it/1VyK,Jon Favreau
https://boxd.it/jUk4,"Daniel Scheinert, Daniel Kwan"
https://boxd.it/VxA,Orson Welles
https://boxd.it/29I0,John Woo
https://boxd.it/gpK,"Johnnie To, Wai Ka-Fai"
https://boxd.it/72i,Andrew Stanton
https://boxd.it/1xBg,Andrea Arnold
https://boxd.it/7UcA,Ruben Östlund
https://boxd.it/28Dy,Terry Zwigoff
https://boxd.it/2lkk,Yasujirō Ozu
https://boxd.it/WSE,Peter Davis
https://boxd.it/4O24,Spike Jonze
https://boxd.it/1Y1O,Takashi Miike
https://boxd.it/20I6,Jim Sheridan
https://boxd.it/1JzG,Quentin Tarantino
https://boxd.it/1Rfk,Yuen Woo-Ping
https://boxd.it/jWEA,Rian Johnson
https://boxd.it/1U9E,Godfrey Reggio
https://boxd.it/XIg,Robert Bresson
https://boxd.it/27oC,Curtis Hanson
https://boxd.it/248G,Park Chan-wook
https://boxd.it/2aJ4,Pedro Almodóvar
https://boxd.it/2aze,Paul Thomas Anderson
https://boxd.it/27WE,Spike Lee
https://boxd.it/2bcK,Christopher Nolan
https://boxd.it/psI,Brad Bird
https://boxd.it/8tfY,"John Musker, Ron Clements"
https://boxd.it/297o,David Lynch
https://boxd.it/2ayq,Jim Jarmusch
https://boxd.it/28Qi,Andrei Tarkovsky
https://boxd.it/3RKw,Paul King
https://boxd.it/2490,David Fincher
https://boxd.it/23wW,Satoshi Kon
https://boxd.it/1SVw,John Waters
https://boxd.it/29BS,Oliver Stone
https://boxd.it/28yI,Martin Scorsese
https://boxd.it/2bbs,Steven Spielberg
https://boxd.it/2a6Q,Alfred Hitchcock
https://boxd.it/29VI,Darren Aronofsky
https://boxd.it/NKc,Carlos Saldanha
https://boxd.it/22Wu,Paul Verhoeven
https://boxd.it/4kJC,Ingmar Bergman
https://boxd.it/29zs,David Fincher
https://boxd.it/2a7k,Paul Verhoeven
https://boxd.it/2982,Sam Peckinpah
https://boxd.it/2b8y,Martin Scorsese
https://boxd.it/1UkC,Wim Wenders
https://boxd.it/1UTi,Mike Nichols
https://boxd.it/27q4,John Hughes
https://boxd.it/1Mn4,Hayao Miyazaki
https://boxd.it/1TJm,"Luc Dardenne, Jean-Pierre Dardenne"
https://boxd.it/20VO,Peter Greenaway
https://boxd.it/2b0k,Christopher Nolan
https://boxd.it/28X4,Bernardo Bertolucci
https://boxd.it/28RU,Darren Aronofsky
https://boxd.it/296g,William Friedkin
https://boxd.it/1x0O,Akira Kurosawa
https://boxd.it/1XLm,Brad Bird
https://boxd.it/21EO,Carl Reiner
https://boxd.it/1YY2,Wolfgang Reitherman
https://boxd.it/1Vha,John Woo
https://boxd.it/22Z4,"Ethan Coen, Joel Coen"
https://boxd.it/296K,Luchino Visconti
https://boxd.it/201Q,"Roger Allers, Rob Minkoff"
https://boxd.it/2b5O,Peter Jackson
https://boxd.it/2b5u,Peter Jackson
https://boxd.it/2b5E,Peter Jackson
https://boxd.it/2a1m,"Lana Wachowski, Lilly Wachowski"
https://boxd.it/8H5e,Alejandro González Iñárritu
https://boxd.it/1Tc8,Don Bluth
https://boxd.it/2ahO,Ingmar Bergman
https://boxd.it/2aHW,Jonathan Demme
https://boxd.it/294E,Carol Reed
https://boxd.it/25Xg,Orson Welles
https://boxd.it/18U8,Peter Weir
https://boxd.it/1VKc,Philip Kaufman
https://boxd.it/2a5y,Sam Peckinpah
https://boxd.it/2b7K,Krzysztof Kieślowski
https://boxd.it/2b7A,Krzysztof Kieślowski
https://boxd.it/1eGw,"Fruit Chan, Takashi Miike, Park Chan-wook"
https://boxd.it/26FW,Pedro Almodóvar
https://boxd.it/29qK,Paul Verhoeven
https://boxd.it/29qA,John Lasseter
https://boxd.it/29XY,Danny Boyle
https://boxd.it/2beQ,Terry Gilliam
https://boxd.it/27Qw,David Lynch
https://boxd.it/29uC,David Cronenberg
https://boxd.it/1vCw,Edward Yang
https://boxd.it/jqc,Takashi Miike
https://boxd.it/28LC,Spike Lee
https://boxd.it/2aXU,Danny Boyle
https://boxd.it/2bew,Curtis Hanson
https://boxd.it/2auo,Sergio Leone
https://boxd.it/1z10,Takeshi Kitano
https://boxd.it/26mA,Spike Jonze
https://boxd.it/2b9c,Pedro Almodóvar
https://boxd.it/1Oty,Chris Smith
https://boxd.it/2aUc,Jean-Pierre Jeunet
https://boxd.it/lkba,Thomas Vinterberg
https://boxd.it/2a6G,Ron Howard
https://boxd.it/1Qyq,Zacharias Kunuk
https://boxd.it/292o,Alejandro González Iñárritu
https://boxd.it/1V2a,Barbet Schroeder
https://boxd.it/2aFQ,Joel Coen
https://boxd.it/2aIg,Christopher Nolan
https://boxd.it/23to,Julian Schnabel
https://boxd.it/5rje,"Don Hall, Chris Williams"
https://boxd.it/28oI,Stephen Herek
https://boxd.it/1U16,Joel Coen
https://boxd.it/2966,Michelangelo Antonioni
https://boxd.it/23um,Paul Thomas Anderson
https://boxd.it/2agQ,Larry Charles
https://boxd.it/28Ls,Michael Moore
https://boxd.it/29Ug,John Singleton
https://boxd.it/2aYS,Blake Edwards
https://boxd.it/1YC6,Vincent Gallo
https://boxd.it/29i2,Peter Yates
https://boxd.it/2ads,Martin Scorsese
https://boxd.it/1alk,Martin Campbell
https://boxd.it/20i8,Robert Zemeckis
https://boxd.it/29RG,Walter Salles
https://boxd.it/71O,Orson Welles
https://boxd.it/1Ygk,Amy Heckerling
https://boxd.it/7Ram,Jim Jarmusch
https://boxd.it/2b1M,Ang Lee
https://boxd.it/71E,Lars von Trier
https://boxd.it/2av2,Wolfgang Petersen
https://boxd.it/29lK,"Jean-Pierre Jeunet, Marc Caro"
https://boxd.it/1KaC,Andrew Fleming
https://boxd.it/2a7u,John McTiernan
https://boxd.it/28CA,Jim Jarmusch
https://boxd.it/1Si0,Lau Kar-Leung
https://boxd.it/fA7G,Denis Villeneuve
https://boxd.it/2a1G,Steven Spielberg
https://boxd.it/28a2,Michael Moore
https://boxd.it/Klo,Liv Ullmann
https://boxd.it/1WyQ,Wes Anderson
https://boxd.it/1UTM,Chen Kaige
https://boxd.it/2aHM,Joel Coen
https://boxd.it/2aBO,Russ Meyer
https://boxd.it/2a6w,Catherine Breillat
https://boxd.it/27Xs,Terry Gilliam
https://boxd.it/1YPY,John Hughes
https://boxd.it/4aAA,Andrew Stanton
https://boxd.it/22mQ,Takeshi Kitano
https://boxd.it/288A,Herbert Ross
https://boxd.it/728,Robert Zemeckis
https://boxd.it/qRa,Robert Bresson
https://boxd.it/73g,"Allison Anders, Alexandre Rockwell, Robert Rodriguez, Quentin Tarantino"
https://boxd.it/Ecsg,Guillermo del Toro
https://boxd.it/1WwK,Mark Waters
https://boxd.it/29HQ,Robert Rodriguez
https://boxd.it/3GNa,"Chris Buck, Jennifer Lee"
https://boxd.it/23Ne,Jim Jarmusch
https://boxd.it/1YYc,Mamoru Oshii
https://boxd.it/2b9m,Ridley Scott
https://boxd.it/oCkK,Rian Johnson
https://boxd.it/1Yw8,James Foley
https://boxd.it/2ayA,Wolfgang Becker
https://boxd.it/oFG,Tsai Ming-liang
https://boxd.it/29YW,Randal Kleiser
https://boxd.it/8RwY,"Quentin Tarantino, Robert Rodriguez"
https://boxd.it/1YGW,George Armitage
https://boxd.it/1T6a,John Woo
https://boxd.it/26x4,Michael Lehmann
https://boxd.it/28HK,Guillermo del Toro
https://boxd.it/2bcq,Zhang Yimou
https://boxd.it/2aSA,Terry George
https://boxd.it/1vsm,Nobuhiko Obayashi
https://boxd.it/1pIe,Woody Allen
https://boxd.it/1BOo,Akira Kurosawa
https://boxd.it/1sWS,Mary Harron
https://boxd.it/1RJE,Federico Fellini
https://boxd.it/1iqC,Ermanno Olmi
https://boxd.it/1NMY,Neil LaBute
https://boxd.it/22qS,Nagisa Ōshima
https://boxd.it/2baO,Steven Spielberg
https://boxd.it/34Ro,"Joel Coen, Ethan Coen"
https://boxd.it/2aB0,Christopher Nolan
https://boxd.it/29as,Gaspar Noé
https://boxd.it/dZrW,Wes Anderson
https://boxd.it/29xm,Oliver Stone
https://boxd.it/2aVO,Quentin Tarantino
https://boxd.it/23P0,Alain Resnais
https://boxd.it/28rM,François Truffaut
https://boxd.it/1SGG,Akira Kurosawa
https://boxd.it/Ou0,Gillo Pontecorvo
https://boxd.it/1YUY,Larry Clark
https://boxd.it/70w,Quentin Tarantino
https://boxd.it/2au4,Quentin Tarantino
https://boxd.it/23hs,Michelangelo Antonioni
https://boxd.it/9rO,Peter Watkins
https://boxd.it/2anC,Federico Fellini
https://boxd.it/29Sk,Chris Marker
https://boxd.it/1ZNa,Robert Luketic
https://boxd.it/29EW,"Valerie Faris, Jonathan Dayton"
https://boxd.it/1Vqm,Frank Oz
https://boxd.it/29Ag,Stanley Kubrick
https://boxd.it/2b0E,Sofia Coppola
https://boxd.it/ipjC,Enrico Casarosa
https://boxd.it/2b8S,Luc Besson
https://boxd.it/1Pcy,Akira Kurosawa
https://boxd.it/1X7Q,"Rémy Belvaux, André Bonzel, Benoît Poelvoorde"
https://boxd.it/29Na,Woody Allen
https://boxd.it/1TOw,Michael Mann
https://boxd.it/1VNg,Mark Waters
https://boxd.it/2aSU,Martin Scorsese
https://boxd.it/25Hi,John Schlesinger
https://boxd.it/2avG,Joel Coen
https://boxd.it/2aWi,Steven Spielberg
https://boxd.it/28gY,Rob Reiner
https://boxd.it/29d2,Brian De Palma
https://boxd.it/29cI,J.J. Abrams
https://boxd.it/glS,Bennett Miller
https://boxd.it/2a46,Pete Docter
https://boxd.it/29wI,Baz Luhrmann
https://boxd.it/2aO4,P.J. Hogan
https://boxd.it/13qC,Alain Resnais
https://boxd.it/1WpO,Jonathan Lynn
https://boxd.it/1WW4,Jim Sheridan
https://boxd.it/20wu,Jared Hess
https://boxd.it/2aNg,Oliver Stone
https://boxd.it/1F7e,Federico Fellini
https://boxd.it/2aZm,Steven Soderbergh
https://boxd.it/gH0O,Quentin Tarantino
https://boxd.it/1YZk,Prachya Pinkaew
https://boxd.it/bCF8,Paul King
https://boxd.it/273a,"Sylvain Chomet, Tom Tykwer, Gurinder Chadha, Richard LaGravenese, Isabel Coixet, Nobuhiro Suwa, Frédéric Auburtin, Alfonso Cuarón, Gérard Depardieu, Walter Salles, Christopher Doyle, Wes Craven, Daniela Thomas, Vincenzo Natali, Oliver Schmitz, Gus Van Sant, Olivier Assayas, Alexander Payne, Joel Coen, Ethan Coen, Bruno Podalydès"
https://boxd.it/2ajq,Darren Aronofsky
https://boxd.it/29O8,Robert Bresson
https://boxd.it/70G,Gore Verbinski
https://boxd.it/26zE,John Hughes
https://boxd.it/2b84,John McTiernan
https://boxd.it/aaie,Joel Crawford
https://boxd.it/2avw,Barry Levinson
https://boxd.it/1WlC,Zhang Yimou
https://boxd.it/2avQ,Joel Coen
https://boxd.it/28hM,Stuart Gordon
https://boxd.it/2agc,Quentin Tarantino
https://boxd.it/27Vm,Richard Marquand
https://boxd.it/20wa,John Frankenheimer
https://boxd.it/29zM,Roman Polanski
https://boxd.it/2b8o,Tom Tykwer
https://boxd.it/1TAO,Wes Anderson
https://boxd.it/1Aq6,Edgar Wright
https://boxd.it/24EC,Wes Craven
https://boxd.it/1URc,Steven Shainberg
https://boxd.it/29aC,Jean-Jacques Annaud
https://boxd.it/1SZS,Jonathan Glazer
https://boxd.it/29J8,Edgar Wright
https://boxd.it/1CIc,Spike Lee
https://boxd.it/29Nk,Robert Altman
https://boxd.it/29zi,"Andrew Adamson, Vicky Jenson"
https://boxd.it/29z8,"Andrew Adamson, Kelly Asbury, Conrad Vernon"
https://boxd.it/1OUu,Richard Linklater
https://boxd.it/1YAO,Trey Parker
https://boxd.it/28qk,Jan de Bont
https://boxd.it/20UQ,"Lana Wachowski, Lilly Wachowski"
https://boxd.it/2a8i,Sam Raimi
https://boxd.it/nwRw,Jon Watts
https://boxd.it/2aL0,François Truffaut
https://boxd.it/2aGO,Kathryn Bigelow
https://boxd.it/28Za,Marc Forster
https://boxd.it/1WkY,Baz Luhrmann
https://boxd.it/20hO,Greg Mottola
https://boxd.it/17cY,Lina Wertmüller
https://boxd.it/2aDU,François Ozon
https://boxd.it/mK0a,Jeff Rowe
https://boxd.it/2aGY,James Cameron
https://boxd.it/2b1C,François Truffaut
https://boxd.it/26mK,James Cameron
https://boxd.it/26mg,Stephan Elliott
https://boxd.it/1xFW,Joss Whedon
https://boxd.it/1UMG,Denys Arcand
https://boxd.it/eDGs,Matt Reeves
https://boxd.it/1RHI,Lawrence Kasdan
https://boxd.it/26Eu,Paul Greengrass
https://boxd.it/29k8,"Jean-Pierre Jeunet, Marc Caro"
https://boxd.it/1SSM,Martin Scorsese
https://boxd.it/169Y,Mikheil Kalatozishvili
https://boxd.it/x1EG,"Caitlin Cronenberg, David Cronenberg"
https://boxd.it/1GQE,Denys Arcand
https://boxd.it/2440,Luis Buñuel
https://boxd.it/28va,Krzysztof Kieślowski
https://boxd.it/27Vw,Irvin Kershner
https://boxd.it/1Yoo,William Friedkin
https://boxd.it/24we,Pedro Almodóvar
https://boxd.it/1YI4,Peter Cattaneo
https://boxd.it/S6c,Agnès Varda
https://boxd.it/2ape,Sergio Leone
https://boxd.it/18Im,Mike Nichols
https://boxd.it/20RC,Perry Henzell
https://boxd.it/295M,Akira Kurosawa
https://boxd.it/2c6I,Ang Lee
https://boxd.it/8wjk,Jon Favreau
https://boxd.it/2cbo,Lo Yuen-Ming
https://boxd.it/1ULe,Martin Scorsese
https://boxd.it/1YSo,Michael Mann
https://boxd.it/4pDO,"Phil Lord, Christopher Miller"
https://boxd.it/2aqw,Wes Anderson
https://boxd.it/1Woc,Steven Soderbergh
https://boxd.it/1WYO,"John Musker, Ron Clements"
https://boxd.it/298w,Nicolas Roeg
https://boxd.it/1Vqc,Joel Coen
https://boxd.it/2a1c,"Lana Wachowski, Lilly Wachowski"
https://boxd.it/1tsk,Liliana Cavani
https://boxd.it/293w,Christopher Nolan
https://boxd.it/26EY,Rob Reiner
https://boxd.it/2aHi,Frank Darabont
https://boxd.it/17ue,David Fincher
https://boxd.it/1TPE,Nanni Moretti
https://boxd.it/1nZW,David Mamet
https://boxd.it/5bjs,Krzysztof Zanussi
https://boxd.it/1WNm,Atom Egoyan
https://boxd.it/26BA,John Boorman
https://boxd.it/2924,Anthony Minghella
https://boxd.it/2aQY,James Cameron
https://boxd.it/29XE,Bryan Singer
https://boxd.it/28Ew,Ridley Scott
https://boxd.it/1j6S,Zhang Yimou
https://boxd.it/OTY,Seijun Suzuki
https://boxd.it/29qq,John Lasseter
https://boxd.it/1TZu,Jacques Tati
https://boxd.it/1qQ4,Steve Buscemi
https://boxd.it/Sog,"Ethan Coen, Joel Coen"
https://boxd.it/1MwA,Yung Chang
https://boxd.it/29Ik,James McTeigue
https://boxd.it/1Rym,Takeshi Kitano
https://boxd.it/2aQO,Pedro Almodóvar
https://boxd.it/uAKS,Rian Johnson
https://boxd.it/3pcw,Les Blank
https://boxd.it/29ry,Robert Zemeckis
https://boxd.it/24GI,Pedro Almodóvar
https://boxd.it/2TTS,Rich Moore
https://boxd.it/1SRY,Akira Kurosawa
https://boxd.it/2aMs,Takeshi Kitano
https://boxd.it/28Oc,Steven Soderbergh
https://boxd.it/2ajK,Alejandro González Iñárritu
https://boxd.it/26nI,Michael Winterbottom
https://boxd.it/28Bi,Juan Carlos Fresnadillo
https://boxd.it/29nw,Rob Reiner
https://boxd.it/25jK,Richard Linklater
https://boxd.it/1iAM,Paul Schrader
https://boxd.it/205e,Michael Mann
https://boxd.it/20zI,Jean-Pierre Jeunet
https://boxd.it/29PA,James Cameron
https://boxd.it/20zS,David Fincher
https://boxd.it/29CQ,Cameron Crowe
https://boxd.it/20NA,Federico Fellini
https://boxd.it/71Y,Sam Mendes
https://boxd.it/26l8,Paul Schrader
https://boxd.it/2062,John Landis
https://boxd.it/29M2,Woody Allen
https://boxd.it/9ru0,James Wan
https://boxd.it/1Efm,James Cameron
https://boxd.it/1OVs,David Zucker
https://boxd.it/2aYI,Robert Zemeckis
https://boxd.it/2asM,Paul Verhoeven
https://boxd.it/2aIU,Tim Burton
https://boxd.it/2aKw,François Truffaut
https://boxd.it/1Rtm,Wang Xiaoshuai
https://boxd.it/2baE,Martin Brest
https://boxd.it/271S,Penny Marshall
https://boxd.it/21em,John Carpenter
https://boxd.it/2bdy,Stephen Daldry
https://boxd.it/1tGQ,John Schlesinger
https://boxd.it/hWV8,Cate Shortland
https://boxd.it/1a8A,Stephen Norrington
https://boxd.it/1U3w,Frank Oz
https://boxd.it/29Gy,Peter Jackson
https://boxd.it/29WQ,Sharon Maguire
https://boxd.it/4tms,Krzysztof Zanussi
https://boxd.it/29ho,John Lasseter
https://boxd.it/H4Y,John Lasseter
https://boxd.it/29VS,Steven Spielberg
https://boxd.it/1WrK,Mike Nichols
https://boxd.it/1OA0,John Waters
https://boxd.it/274W,Kevin Smith
https://boxd.it/20Xg,"Peter Lord, Nick Park"
https://boxd.it/1Y2i,Alfonso Cuarón
https://boxd.it/2aue,Lasse Hallström
https://boxd.it/1ZRQ,John Carpenter
https://boxd.it/2706,Kevin Smith
https://boxd.it/1YU0,Renny Harlin
https://boxd.it/1D7w,Spike Lee
https://boxd.it/2dhC,Fridrik Thor Fridriksson
https://boxd.it/28F0,Michael Mann
https://boxd.it/2a4K,Kevin Costner
https://boxd.it/anyO,Simon Kinberg
https://boxd.it/29OC,Tim Robbins
https://boxd.it/1WZi,Frank Oz
https://boxd.it/1XdY,Pierre Morel
https://boxd.it/i5vI,Mike Flanagan
https://boxd.it/2aj6,Gus Van Sant
https://boxd.it/29tY,David Lynch
https://boxd.it/1YRq,Robert Rodriguez
https://boxd.it/287i,Gus Van Sant
https://boxd.it/vfDe,Harry Bradbeer
https://boxd.it/j36o,Chloé Zhao
https://boxd.it/iXBq,Miguel Sapochnik
https://boxd.it/28HU,Mike Hodges
https://boxd.it/20Ga,Barry Sonnenfeld
https://boxd.it/g2w,Ivan Reitman
https://boxd.it/25ds,James Mangold
https://boxd.it/29KU,Martin Campbell
https://boxd.it/239e,Robert Altman
https://boxd.it/1UKK,John Waters
https://boxd.it/1XVc,Ridley Scott
https://boxd.it/1Ueu,Danny Leiner
https://boxd.it/1Ug6,Guillermo del Toro
https://boxd.it/2aMW,Stephen Frears
https://boxd.it/206c,Bruce McDonald
https://boxd.it/LOc,Anand Tucker
https://boxd.it/29Fg,Chris Columbus
https://boxd.it/2416,Edgar Wright
https://boxd.it/1YoI,Zhang Yimou
https://boxd.it/2bb8,Steven Spielberg
https://boxd.it/1NrQ,Wilson Yip
https://boxd.it/1SyM,Jeff Tremaine
https://boxd.it/1Zo0,Jeff Tremaine
https://boxd.it/210a,Jason Reitman
https://boxd.it/2aA2,Steven Spielberg
https://boxd.it/2d44,Kim Sang-jin
https://boxd.it/2aLa,Peter Jackson
https://boxd.it/1POC,Jim Henson
https://boxd.it/1Y1E,M. Night Shyamalan
https://boxd.it/1KLe,Don McKellar
https://boxd.it/29e0,Richard Donner
https://boxd.it/qV1G,Angus MacLane
https://boxd.it/1ZeO,Tom DiCillo
https://boxd.it/1Xqy,Peter Brook
https://boxd.it/2aKm,François Truffaut
https://boxd.it/uXAQ,Phil King
https://boxd.it/26Dc,Claude Chabrol
https://boxd.it/28vE,Jay Roach
https://boxd.it/1TPu,Woody Allen
https://boxd.it/fz9w,Kyle Balda
https://boxd.it/27zg,Norman Jewison
https://boxd.it/20k4,Joel Zwick
https://boxd.it/2aAG,Clint Eastwood
https://boxd.it/26ow,David Cronenberg
https://boxd.it/21J0,Werner Herzog
https://boxd.it/2b3I,Joel Coen
https://boxd.it/2aEy,Steven Soderbergh
https://boxd.it/2aZ2,Steven Soderbergh
https://boxd.it/28Em,Mike Judge
https://boxd.it/1WRS,David Gordon Green
https://boxd.it/2bfk,Gore Verbinski
https://boxd.it/1RPC,Ed Harris
https://boxd.it/1UZg,Liliana Cavani
https://boxd.it/28Uk,John G. Avildsen
https://boxd.it/aPvy,Gareth Edwards
https://boxd.it/1TuG,Fred Schepisi
https://boxd.it/2b7g,Brian De Palma
https://boxd.it/1Tty,John Waters
https://boxd.it/27Pe,John Madden
https://boxd.it/1XyW,Danny Boyle
https://boxd.it/kLDI,Destin Daniel Cretton
https://boxd.it/1T86,Stephen Chow
https://boxd.it/20MC,Scott Hicks
https://boxd.it/7bEE,Tom Abrams
https://boxd.it/1U82,Martin Scorsese
https://boxd.it/1N6e,Alex Cox
https://boxd.it/1Y5c,Alexander Payne
https://boxd.it/29xw,Barry Levinson
https://boxd.it/2b7U,Guy Ritchie
https://boxd.it/bGWs,Ron Howard
https://boxd.it/29bq,Stanley Kubrick
https://boxd.it/2a88,Sam Raimi
https://boxd.it/2a7Y,Sam Raimi
https://boxd.it/2aOe,Rob Reiner
https://boxd.it/1Q6c,J.J. Abrams
https://boxd.it/72s,George Lucas
https://boxd.it/27US,George Lucas
https://boxd.it/27Qm,Richard Donner
https://boxd.it/28SI,Ken Loach
https://boxd.it/1Y3K,Woody Allen
https://boxd.it/1D2c,John Harrison
https://boxd.it/1VbQ,Jonathan Kaplan
https://boxd.it/2adi,John Landis
https://boxd.it/26EO,Doug Liman
https://boxd.it/1RnI,Vincent Gallo
https://boxd.it/28MA,Martin Scorsese
https://boxd.it/1W18,Oliver Stone
https://boxd.it/27LQ,David Lynch
https://boxd.it/1VaI,Steve Kloves
https://boxd.it/230G,Andrew Davis
https://boxd.it/26vC,David Fincher
https://boxd.it/1Xqo,Miguel Arteta
https://boxd.it/1YVC,Richard Donner
https://boxd.it/10TQ,Michel Gondry
https://boxd.it/t77K,James Gunn
https://boxd.it/1cHi,Thom Fitzgerald
https://boxd.it/2amu,Lars von Trier
https://boxd.it/2a12,"Lana Wachowski, Lilly Wachowski"
https://boxd.it/1dE0,Wolfgang Petersen
https://boxd.it/nK2s,Robert Eggers
https://boxd.it/1Dt8,Arthur Hiller
https://boxd.it/23am,Robert Zemeckis
https://boxd.it/1SCk,Gregory Widen
https://boxd.it/1XM0,Michael Bay
https://boxd.it/1YHU,Wes Anderson
https://boxd.it/1TMq,D.J. Caruso
https://boxd.it/1SYq,Stephen Hillenburg
https://boxd.it/i8C8,"Michael Jelenic, Aaron Horvath"
https://boxd.it/2b6i,Brian De Palma
https://boxd.it/1USO,Frank Coraci
https://boxd.it/29ta,Rob Bowman
https://boxd.it/3GB4,"Seth Rogen, Evan Goldberg"
https://boxd.it/1WQU,Kenneth Branagh
https://boxd.it/21IG,David O. Russell
https://boxd.it/Gpw,Tsui Hark
https://boxd.it/bgbA,Roar Uthaug
https://boxd.it/29JC,Tony Scott
https://boxd.it/Nbc,Mike Leigh
https://boxd.it/27Ue,Steven Soderbergh
https://boxd.it/1BbQ,Walter Hill
https://boxd.it/2b9w,Steven Lisberger
https://boxd.it/115M,Claire Denis
https://boxd.it/19pq,James Cameron
https://boxd.it/29S0,Jan de Bont
https://boxd.it/1XV2,M. Night Shyamalan
https://boxd.it/21wK,Jake Kasdan
https://boxd.it/1VFG,Oliver Stone
https://boxd.it/1QE4,Zack Snyder
https://boxd.it/29t0,Ron Howard
https://boxd.it/25ha,Mike Nichols
https://boxd.it/1a7s,Bryan Singer
https://boxd.it/1a7i,Bryan Singer
https://boxd.it/28QM,Alfonso Cuarón
https://boxd.it/2GfA,Neil LaBute
https://boxd.it/27Ni,David Cronenberg
https://boxd.it/2b18,Walter Hill
https://boxd.it/285c,Peter Segal
https://boxd.it/702,Michael Winterbottom
https://boxd.it/zGdg,Kenneth Branagh
https://boxd.it/1YAk,Brian Helgeland
https://boxd.it/20Bu,Danny Boyle
https://boxd.it/22fU,John Hamburg
https://boxd.it/20AG,Jean-Luc Godard
https://boxd.it/niWi,Brandon Trost
https://boxd.it/3vmW,Peyton Reed
https://boxd.it/cqUW,Peyton Reed
https://boxd.it/1WYk,Terry Zwigoff
https://boxd.it/22C0,"Jay Duplass, Mark Duplass"
https://boxd.it/25Fc,"Virginie Despentes, Coralie Trinh Thi"
https://boxd.it/2ara,Joel Schumacher
https://boxd.it/2am0,Gurinder Chadha
https://boxd.it/1Tee,Newt Arnold
https://boxd.it/24Mm,Ted Demme
https://boxd.it/2aCC,Tom Shadyac
https://boxd.it/qW26,David Leitch
https://boxd.it/1MWI,"Harry Elfont, Deborah Kaplan"
https://boxd.it/1YBM,Woody Allen
https://boxd.it/28Fa,Roger Michell
https://boxd.it/YDm,Don McKellar
https://boxd.it/26ZC,Kevin Smith
https://boxd.it/1UTs,Mark L. Lester
https://boxd.it/1YOm,John Milius
https://boxd.it/2a7E,Francis Lawrence
https://boxd.it/27MY,"Brian Taylor, Mark Neveldine"
https://boxd.it/28q0,Paul Haggis
https://boxd.it/1XVm,Marco Brambilla
https://boxd.it/20Bk,Robert Rodriguez
https://boxd.it/8MH8,Scott Derrickson
https://boxd.it/gaTc,Sam Raimi
https://boxd.it/1YAY,Rawson Marshall Thurber
https://boxd.it/284e,Kevin Smith
https://boxd.it/1SKo,Taylor Hackford
https://boxd.it/194M,Joel Schumacher
https://boxd.it/28U0,Ted Kotcheff
https://boxd.it/28D4,Joel Schumacher
https://boxd.it/1YjS,"Johnnie To, Wai Ka-Fai"
https://boxd.it/25FG,Martin Scorsese
https://boxd.it/29Du,Andrew Niccol
https://boxd.it/29gg,Joe Dante
https://boxd.it/aAIM,Ilya Naishuller
https://boxd.it/1SZI,"Gerald Potterton, John Bruno, John Halas, Julian Harris, Jimmy T. Murakami, Barrie Nelson, Paul Sabella, Jack Stokes, Pino Van Lamsweerde, Harold Whitaker"
https://boxd.it/Ba2,Seth Gordon
https://boxd.it/1WZM,Jon Favreau
https://boxd.it/1SUe,William Friedkin
https://boxd.it/2EQu,Saul Rubinek
https://boxd.it/1Yqa,Kevin Smith
https://boxd.it/ayGu,Chad Stahelski
https://boxd.it/1SY6,Takashi Shimizu
https://boxd.it/736,Stephen Hopkins
https://boxd.it/23yS,Judd Apatow
https://boxd.it/29sG,Peter Yates
https://boxd.it/27qe,Mick Jackson
https://boxd.it/23LC,Matthew Vaughn
https://boxd.it/2b92,Guy Ritchie
https://boxd.it/2aVu,Paul McGuigan
https://boxd.it/26ZW,Kevin Smith
https://boxd.it/1XnO,Stephen King
https://boxd.it/1WUM,Emilio Estevez
https://boxd.it/29cS,John Woo
https://boxd.it/28Uu,Marc Forster
https://boxd.it/1Uvq,Harold Ramis
https://boxd.it/1CTa,David Atkins
https://boxd.it/211i,Michael Hoffman
https://boxd.it/27TU,Alejandro Amenábar
https://boxd.it/8lFu,Morten Tyldum
https://boxd.it/285G,Joel Schumacher
https://boxd.it/26uY,Gary Ross
https://boxd.it/1Ugg,Gus Van Sant
https://boxd.it/edAy,"Phil Johnston, Rich Moore"
https://boxd.it/28TQ,George P. Cosmatos
https://boxd.it/1Yrs,Brett Ratner
https://boxd.it/1YO2,Christian Volckman
https://boxd.it/o8vy,Chris McKay
https://boxd.it/1APq,Ang Lee
https://boxd.it/20H8,Mel Brooks
https://boxd.it/1Xve,Chris Wedge
https://boxd.it/1YqE,David Cronenberg
https://boxd.it/28xq,David Koepp
https://boxd.it/1W2A,Guy Ritchie
https://boxd.it/26zu,Anand Tucker
https://boxd.it/26u0,Tim Burton
https://boxd.it/1WNG,Peter Howitt
https://boxd.it/20Ri,Joe Carnahan
https://boxd.it/1YeI,David Cronenberg
https://boxd.it/28Fk,Tony Scott
https://boxd.it/2b0u,Nicholas Meyer
https://boxd.it/5xme,Rian Johnson
https://boxd.it/E9IU,James Gunn
https://boxd.it/204q,Richard Lester
https://boxd.it/24QS,Trey Parker
https://boxd.it/1Yig,Tom Hanks
https://boxd.it/1SDi,Joe Dante
https://boxd.it/21hK,Judd Apatow
https://boxd.it/27T6,Danny Boyle
https://boxd.it/26EE,Paul Greengrass
https://boxd.it/27M0,"Eric Bress, J. Mackye Gruber"
https://boxd.it/H3m,Christopher Nolan
https://boxd.it/24he,Alan J. Pakula
https://boxd.it/1RyG,Fred Wolf
https://boxd.it/28H6,Neil Burger
https://boxd.it/1ZoE,Michael Mann
https://boxd.it/28qE,Michael Bay
https://boxd.it/1Y86,F. Gary Gray
https://boxd.it/29ZA,Edward Zwick
https://boxd.it/sg0Q,"Aaron Nee, Adam Nee"
https://boxd.it/8SeG,Ridley Scott
https://boxd.it/29rS,Chuck Russell
https://boxd.it/1TTw,Roland Joffé
https://boxd.it/1Wc6,Richard Benjamin
https://boxd.it/1UAA,Peter Weir
https://boxd.it/29ZK,Mel Gibson
https://boxd.it/1Xkq,Phillip Noyce
https://boxd.it/21Ho,Lasse Hallström
https://boxd.it/6YU,David Silverman
https://boxd.it/2a2O,Steven Spielberg
https://boxd.it/29im,John McTiernan
https://boxd.it/rXju,Chris Columbus
https://boxd.it/24Nu,"Corey Yuen, Louis Leterrier"
https://boxd.it/28pm,George Sluizer
https://boxd.it/P8a,Iain Softley
https://boxd.it/2272,George Miller
https://boxd.it/2aae,"Bobby Farrelly, Peter Farrelly"
https://boxd.it/mMAY,Taika Waititi
https://boxd.it/BfbQ,Jake Schreier
https://boxd.it/20W8,"Don Bluth, Gary Goldman"
https://boxd.it/1YSe,Ron Underwood
https://boxd.it/29TW,Wolfgang Petersen
https://boxd.it/1zPY,Jason Reitman
https://boxd.it/27TK,Cameron Crowe
https://boxd.it/b8wA,Ruben Fleischer
https://boxd.it/2bde,Steven Spielberg
https://boxd.it/1XLG,Kevin Reynolds
https://boxd.it/1P9a,Gary Burns
https://boxd.it/1Yte,David Dobkin
https://boxd.it/1Z8c,"Anthony Russo, Joe Russo"
https://boxd.it/29Zq,John McNaughton
https://boxd.it/1SEq,Christopher Cain
https://boxd.it/1YMA,Ben Stiller
https://boxd.it/29Ve,Steven Spielberg
https://boxd.it/nL2y,Peyton Reed
https://boxd.it/2b9Q,Michael Bay
https://boxd.it/2aTS,Robert Zemeckis
https://boxd.it/2awa,Tim Burton
https://boxd.it/fup0,Jaume Collet-Serra
https://boxd.it/1UV4,Jeremiah S. Chechik
https://boxd.it/21zY,Jerry Zucker
https://boxd.it/1MEu,Steven Soderbergh
https://boxd.it/29F6,Chris Columbus
https://boxd.it/1T7i,Joel Coen
https://boxd.it/26ZM,Kevin Smith
https://boxd.it/1XBQ,Robert Longo
https://boxd.it/2aeU,Richard Curtis
https://boxd.it/2aEI,Martin Brest
https://boxd.it/29NE,Jay Roach
https://boxd.it/1YTG,Jared Hess
https://boxd.it/2aY4,Stephen Hopkins
https://boxd.it/27rw,John Irvin
https://boxd.it/aZes,Steven Spielberg
https://boxd.it/21d4,Philip Kaufman
https://boxd.it/20XK,Breck Eisner
https://boxd.it/1XPy,Peter Chelsom
https://boxd.it/27Vc,George Lucas
https://boxd.it/27V2,George Lucas
https://boxd.it/2aES,Jonathan Mostow
https://boxd.it/2a3i,Ron Howard
https://boxd.it/1WQ6,Scott Derrickson
https://boxd.it/27Jq,Takashi Shimizu
https://boxd.it/28lk,John McTiernan
https://boxd.it/1UU6,Jean-Jacques Annaud
https://boxd.it/1Zr4,Curtis Hanson
https://boxd.it/1YN4,Andrew Davis
https://boxd.it/1a4y,Alan Johnson
https://boxd.it/1YYG,Jeremiah S. Chechik
https://boxd.it/24kW,Terry Gilliam
https://boxd.it/2aog,Roland Emmerich
https://boxd.it/17Hs,Florian Henckel von Donnersmarck
https://boxd.it/1ZLy,Andrew Davis
https://boxd.it/3qi6,Joss Whedon
https://boxd.it/9vE4,"Joe Russo, Anthony Russo"
https://boxd.it/9vEe,"Anthony Russo, Joe Russo"
https://boxd.it/bhF2,Edgar Wright
https://boxd.it/1ZQe,Michael McCullers
https://boxd.it/yXA,Jake Kasdan
https://boxd.it/23Au,Michel Gondry
https://boxd.it/8MHs,Ryan Coogler
https://boxd.it/rNS0,Jason Woliner
https://boxd.it/28b0,Joe Johnston
https://boxd.it/9vSA,"Ryan Fleck, Anna Boden"
https://boxd.it/6lCG,Jon Favreau
https://boxd.it/1YVM,Frank Coraci
https://boxd.it/14zA,"Jay Duplass, Mark Duplass"
https://boxd.it/9fOC,Tim Miller
https://boxd.it/dlLM,David Leitch
https://boxd.it/ifpg,Kenneth Branagh
https://boxd.it/1DD8,"Pierre Coffin, Chris Renaud"
https://boxd.it/azpu,"Pierre Coffin, Kyle Balda"
https://boxd.it/2baY,Emile Ardolino
https://boxd.it/kPRu,"Byron Howard, Jared Bush"
https://boxd.it/1CRy,Judd Apatow
https://boxd.it/1gyk,Nicholas Stoller
https://boxd.it/3VH2,James Gunn
https://boxd.it/8MxC,James Gunn
https://boxd.it/fVNI,James Gunn
https://boxd.it/1WRy,"Chris Sanders, Dean DeBlois"
https://boxd.it/1skk,Christopher Nolan
https://boxd.it/4KHC,Pete Docter
https://boxd.it/28dA,Jon Favreau
https://boxd.it/2cBQ,Shane Black
https://boxd.it/1KpM,Jeff Tremaine
https://boxd.it/6e3u,Jeff Tremaine
https://boxd.it/FQ2,Andrew Stanton
https://boxd.it/7dEc,Chad Stahelski
https://boxd.it/gmFw,Chad Stahelski
https://boxd.it/g4YK,Jaume Collet-Serra
https://boxd.it/1Yws,"Mark Osborne, John Stevenson"
https://boxd.it/1Qv2,Neil LaBute
https://boxd.it/Aly,Neil Burger
https://boxd.it/29vq,Fritz Lang
https://boxd.it/16Sk,Tom McGrath
https://boxd.it/71a,Fritz Lang
https://boxd.it/6jCO,"Kyle Balda, Pierre Coffin"
https://boxd.it/bSVc,Christopher McQuarrie
https://boxd.it/5rI4,Christopher McQuarrie
https://boxd.it/mLqS,Ilya Naishuller
https://boxd.it/2aDK,Alfred Hitchcock
https://boxd.it/eaai,Gary Ross
https://boxd.it/eL34,Chris Miller
https://boxd.it/2aQa,Alfred Hitchcock
https://boxd.it/26tw,Hideo Nakata
https://boxd.it/5jfy,Carlos Saldanha
https://boxd.it/1fi6,Stanley Tong Gwai-Lai
https://boxd.it/1UhS,Masayuki Suō
https://boxd.it/k3S,Guy Ritchie
https://boxd.it/24Ji,Alfred Hitchcock
https://boxd.it/kSz4,"Kemp Powers, Justin K. Thompson, Joaquim Dos Santos"
https://boxd.it/fegG,Jon Watts
https://boxd.it/aboM,Jon Watts
https://boxd.it/4vru,J.J. Abrams
https://boxd.it/5xlK,J.J. Abrams
https://boxd.it/1SsE,Adam McKay
https://boxd.it/15gO,"Byron Howard, Nathan Greno"
https://boxd.it/2aKc,Alfred Hitchcock
https://boxd.it/27PI,Marc Webb
https://boxd.it/3utM,Marc Webb
https://boxd.it/9twC,Andy Muschietti
https://boxd.it/1GjK,Todd Phillips
https://boxd.it/PZI,Todd Phillips
https://boxd.it/azp0,Chris McKay
https://boxd.it/27Gc,"Irving Pichel, Ernest B. Schoedsack"
https://boxd.it/1zg,James Bobin
https://boxd.it/29DO,Carl Theodor Dreyer
https://boxd.it/29Es,Jean Renoir
https://boxd.it/LPE,Alain Resnais
https://boxd.it/29Xu,Victor Fleming
https://boxd.it/39WI,Judd Apatow
https://boxd.it/8MHi,Taika Waititi
https://boxd.it/1WRe,Lee Unkrich
https://boxd.it/9ALu,Josh Cooley
https://boxd.it/20WM,Ben Stiller
https://boxd.it/1SFI,Jay Levey
https://boxd.it/29Y8,Luis Buñuel
https://boxd.it/1VEo,Andrew Stanton
https://boxd.it/1K0C,Spike Jonze
https://boxd.it/FOA,Matthew Vaughn
https://boxd.it/1En6,Ruben Fleischer
https://boxd.it/84xS,"Byron Howard, Rich Moore"
