Date,Name,Year,Letterboxd URI
2023-03-20,Spirited Away,2001,https://boxd.it/2b4m
2023-03-20,Central Station,1998,https://boxd.it/29RG
2023-03-20,Whiplash,2014,https://boxd.it/7bQA
2023-03-20,Fight Club,1999,https://boxd.it/2a9q
2023-03-20,The Batman,2022,https://boxd.it/eDGs
2023-03-20,Pulp Fiction,1994,https://boxd.it/29Pq
2023-03-20,Knives Out,2019,https://boxd.it/jWEA
2023-03-20,The Truman Show,1998,https://boxd.it/18U8
2023-03-20,The Dark Knight,2008,https://boxd.it/2b0k
2023-03-20,Spider-Man: Into the Spider-Verse,2018,https://boxd.it/azpY
2023-03-20,Fantastic Mr. Fox,2009,https://boxd.it/1WyQ
2023-03-20,Once Upon a Time... in Hollywood,2019,https://boxd.it/gH0O
2023-03-20,Spider-Man: No Way Home,2021,https://boxd.it/nwRw
2023-03-20,Inglourious Basterds,2009,https://boxd.it/1JzG
2023-03-20,Amélie,2001,https://boxd.it/2aUc
2023-03-20,Mulholland Drive,2001,https://boxd.it/297o
2023-03-20,Léon: The Professional,1994,https://boxd.it/2b8S
2023-03-20,The Worst Person in the World,2021,https://boxd.it/oyws
2023-03-20,In the Mood for Love,2000,https://boxd.it/29tE
2023-03-20,Shaun of the Dead,2004,https://boxd.it/29J8
2023-03-20,City of God,2002,https://boxd.it/2a2a
2023-03-20,Terminator 2: Judgment Day,1991,https://boxd.it/2aGY
2023-03-20,Love Actually,2003,https://boxd.it/2aeU
2023-03-20,Inside Llewyn Davis,2013,https://boxd.it/34Ro
2023-03-20,Casino,1995,https://boxd.it/2ads
2023-03-20,Paddington,2014,https://boxd.it/3RKw
2023-03-20,Paddington 2,2017,https://boxd.it/bCF8
2023-03-20,"O Brother, Where Art Thou?",2000,https://boxd.it/2b3I
2023-03-20,The 400 Blows,1959,https://boxd.it/2b1C
2023-03-20,Three Colours: Blue,1993,https://boxd.it/2b7K
2023-03-20,Twin Peaks: Fire Walk with Me,1992,https://boxd.it/27Qw
2023-03-20,The Piano Teacher,2001,https://boxd.it/2886
2023-03-20,Irreversible,2002,https://boxd.it/29as
2023-03-20,Three Colours: Red,1994,https://boxd.it/2b7q
2023-03-20,Chicken Run,2000,https://boxd.it/20Xg
2023-03-20,True Romance,1993,https://boxd.it/2aBa
2023-03-20,Ran,1985,https://boxd.it/1Tlu
2023-03-20,All About My Mother,1999,https://boxd.it/2b9c
2023-03-20,Dancer in the Dark,2000,https://boxd.it/71E
2023-03-20,The Dreamers,2003,https://boxd.it/28X4
2023-03-20,La Dolce Vita,1960,https://boxd.it/2anC
2023-03-20,The Bourne Ultimatum,2007,https://boxd.it/26Eu
2023-03-20,Basic Instinct,1992,https://boxd.it/2asM
2023-03-20,Babel,2006,https://boxd.it/292o
2023-03-20,Taste of Cherry,1997,https://boxd.it/1m8W
2023-03-20,Le Samouraï,1967,https://boxd.it/22ZI
2023-03-20,The Passion of Joan of Arc,1928,https://boxd.it/29DO
2023-03-20,Billy Elliot,2000,https://boxd.it/2bdy
2023-03-20,Three Colours: White,1994,https://boxd.it/2b7A
2023-03-20,Hiroshima Mon Amour,1959,https://boxd.it/22WY
2023-03-20,La Jetée,1962,https://boxd.it/29Sk
2023-03-20,PlayTime,1967,https://boxd.it/1WLK
2023-03-20,Un Chien Andalou,1929,https://boxd.it/29Y8
2023-03-20,Force Majeure,2014,https://boxd.it/7UcA
2023-03-20,The Discreet Charm of the Bourgeoisie,1972,https://boxd.it/2440
2023-03-20,The Vanishing,1988,https://boxd.it/1ZTW
2023-03-20,eXistenZ,1999,https://boxd.it/27Ni
2023-03-20,Nosferatu the Vampyre,1979,https://boxd.it/21J0
2023-03-20,Jules and Jim,1962,https://boxd.it/28rM
2023-03-20,L'Avventura,1960,https://boxd.it/23hs
2023-03-20,Nights of Cabiria,1957,https://boxd.it/1F7e
2023-03-20,Breaking the Waves,1996,https://boxd.it/2b1W
2023-03-20,Delicatessen,1991,https://boxd.it/29lK
2023-03-20,"The Cook, the Thief, His Wife & Her Lover",1989,https://boxd.it/20VO
2023-03-20,Last Year at Marienbad,1961,https://boxd.it/24Qe
2023-03-20,F for Fake,1973,https://boxd.it/VxA
2023-03-20,Au Hasard Balthazar,1966,https://boxd.it/1E3g
2023-03-20,Alphaville,1965,https://boxd.it/20AG
2023-03-20,The Rules of the Game,1939,https://boxd.it/29Es
2023-03-20,The Tourist,2010,https://boxd.it/17Hs
2023-03-20,The Wages of Fear,1953,https://boxd.it/2aSK
2023-03-20,Robin Hood: Men in Tights,1993,https://boxd.it/20H8
2023-03-20,Ronin,1998,https://boxd.it/20wa
2023-03-20,In the Realm of the Senses,1976,https://boxd.it/22qS
2023-03-20,Fat Girl,2001,https://boxd.it/2a6w
2023-03-20,The Transporter,2002,https://boxd.it/24Nu
2023-03-20,Mon Oncle,1958,https://boxd.it/2apy
2023-03-20,Night and Fog,1956,https://boxd.it/29A6
2023-03-20,The American Friend,1977,https://boxd.it/1UkC
2023-03-20,The Leopard,1963,https://boxd.it/296K
2023-03-20,The Gleaners and I,2000,https://boxd.it/S6c
2023-03-20,Muriel's Wedding,1994,https://boxd.it/2aO4
2023-03-20,Paris Je T'aime,2006,https://boxd.it/273a
2023-03-20,The City of Lost Children,1995,https://boxd.it/29k8
2023-03-20,Be Kind Rewind,2008,https://boxd.it/23Au
2023-03-20,Trouble Every Day,2001,https://boxd.it/115M
2023-03-20,The Trial,1962,https://boxd.it/25Xg
2023-03-20,The Ice Storm,1997,https://boxd.it/2c6I
2023-03-20,The Idiots,1998,https://boxd.it/2amu
2023-03-20,Open Your Eyes,1997,https://boxd.it/27TU
2023-03-20,Monsieur Hulot's Holiday,1953,https://boxd.it/29E8
2023-03-20,The Brown Bunny,2003,https://boxd.it/1RnI
2023-03-20,Diary of a Country Priest,1951,https://boxd.it/UDC
2023-03-20,I Vitelloni,1953,https://boxd.it/1RJE
2023-03-20,Betty Blue,1986,https://boxd.it/1SBw
2023-03-20,Cliffhanger,1993,https://boxd.it/1YU0
2023-03-20,The Mission,1986,https://boxd.it/1TTw
2023-03-20,The Mother and the Whore,1973,https://boxd.it/HQe
2023-03-20,Spy Game,2001,https://boxd.it/28Fk
2023-03-20,Dick,1999,https://boxd.it/1KaC
2023-03-20,Live Flesh,1997,https://boxd.it/2aJ4
2023-03-20,Spider,2002,https://boxd.it/1YeI
2023-03-20,Under Siege,1992,https://boxd.it/1ZLy
2023-03-20,Bed and Board,1970,https://boxd.it/2aKw
2023-03-20,Cecil B. Demented,2000,https://boxd.it/1OA0
2023-03-20,Ong-Bak,2003,https://boxd.it/1YZk
2023-03-20,Zatoichi,2003,https://boxd.it/2aMs
2023-03-20,C.R.A.Z.Y.,2005,https://boxd.it/1TSI
2023-03-20,The Child,2005,https://boxd.it/1TJm
2023-03-20,Seven Samurai,1954,https://boxd.it/2axi
2023-03-20,The Shawshank Redemption,1994,https://boxd.it/2aHi
2023-03-20,High and Low,1963,https://boxd.it/1RSc
2023-03-20,Yi Yi,2000,https://boxd.it/1vCw
2023-03-20,The Lord of the Rings: The Return of the King,2003,https://boxd.it/2b5u
2023-03-20,Ikiru,1952,https://boxd.it/251c
2023-03-20,"The Good, the Bad and the Ugly",1966,https://boxd.it/2ape
2023-03-20,The Empire Strikes Back,1980,https://boxd.it/27Vw
2023-03-20,Apocalypse Now,1979,https://boxd.it/6ZS
2023-03-20,Tokyo Story,1953,https://boxd.it/1HuY
2023-03-20,The Lord of the Rings: The Two Towers,2002,https://boxd.it/2b5E
2023-03-20,The Lord of the Rings: The Fellowship of the Ring,2001,https://boxd.it/2b5O
2023-03-20,Oldboy,2003,https://boxd.it/29R2
2023-03-20,Rear Window,1954,https://boxd.it/2a6Q
2023-03-20,The Cranes Are Flying,1957,https://boxd.it/169Y
2023-03-20,The Silence of the Lambs,1991,https://boxd.it/2aHW
2023-03-20,Scenes from a Marriage,1974,https://boxd.it/4kJC
2023-03-20,Psycho,1960,https://boxd.it/2ab2
2023-03-20,Barry Lyndon,1975,https://boxd.it/25A2
2023-03-20,Se7en,1995,https://boxd.it/29zs
2023-03-20,2001: A Space Odyssey,1968,https://boxd.it/2bf0
2023-03-20,One Flew Over the Cuckoo's Nest,1975,https://boxd.it/2aeA
2023-03-20,The Seventh Seal,1957,https://boxd.it/2ahO
2023-03-20,Farewell My Concubine,1993,https://boxd.it/1UTM
2023-03-20,Alien,1979,https://boxd.it/2awY
2023-03-20,Chungking Express,1994,https://boxd.it/1UDa
2023-03-20,The Shining,1980,https://boxd.it/29Nu
2023-03-20,Late Spring,1949,https://boxd.it/1DkK
2023-03-20,Bicycle Thieves,1948,https://boxd.it/23hW
2023-03-20,Wild Strawberries,1957,https://boxd.it/29ZU
2023-03-20,M,1931,https://boxd.it/29vq
2023-03-20,Eternal Sunshine of the Spotless Mind,2004,https://boxd.it/6YK
2023-03-20,Yojimbo,1961,https://boxd.it/1SRY
2023-03-20,Akira,1988,https://boxd.it/2b1i
2023-03-20,Amadeus,1984,https://boxd.it/2aH8
2023-03-20,Children of Men,2006,https://boxd.it/1Y2i
2023-03-20,Raise the Red Lantern,1991,https://boxd.it/1WlC
2023-03-20,The Departed,2006,https://boxd.it/28MA
2023-03-20,Django Unchained,2012,https://boxd.it/2cCk
2023-03-20,Fargo,1996,https://boxd.it/2aHM
2023-03-20,Nostalgia,1983,https://boxd.it/28Qi
2023-03-20,To Live,1994,https://boxd.it/1j6S
2023-03-20,Star Wars,1977,https://boxd.it/72s
2023-03-20,The Lion King,1994,https://boxd.it/201Q
2023-03-20,Back to the Future,1985,https://boxd.it/2b8e
2023-03-20,The Third Man,1949,https://boxd.it/294E
2023-03-20,Taxi Driver,1976,https://boxd.it/2b8y
2023-03-20,Metropolis,1927,https://boxd.it/71a
2023-03-20,Raging Bull,1980,https://boxd.it/28yI
2023-03-20,Inception,2010,https://boxd.it/1skk
2023-03-20,Umberto D.,1952,https://boxd.it/29vg
2023-03-20,Lady Vengeance,2005,https://boxd.it/248G
2023-03-20,Sympathy for Mr. Vengeance,2002,https://boxd.it/23WU
2023-03-20,Kick the Moon,2001,https://boxd.it/2d44
2023-03-20,Straw Dogs,1971,https://boxd.it/2982
2023-03-20,Bring Me the Head of Alfredo Garcia,1974,https://boxd.it/1SIs
2023-03-20,Gangs of New York,2002,https://boxd.it/25FG
2023-03-20,Mean Streets,1973,https://boxd.it/2aSU
2023-03-20,The Last Temptation of Christ,1988,https://boxd.it/1ULe
2023-03-20,The Color of Money,1986,https://boxd.it/1SSM
2023-03-20,Her,2013,https://boxd.it/4O24
2023-03-20,Black Panther,2018,https://boxd.it/8MHs
2023-03-20,The Social Network,2010,https://boxd.it/17ue
2023-03-20,Forrest Gump,1994,https://boxd.it/728
2023-03-20,The Matrix,1999,https://boxd.it/2a1m
2023-03-20,Kill Bill: Vol. 1,2003,https://boxd.it/70w
2023-03-20,Guardians of the Galaxy,2014,https://boxd.it/3VH2
2023-03-20,Shutter Island,2010,https://boxd.it/1U82
2023-03-20,Thor: Ragnarok,2017,https://boxd.it/8MHi
2023-03-20,Spider-Man: Homecoming,2017,https://boxd.it/aboM
2023-03-20,Doctor Strange in the Multiverse of Madness,2022,https://boxd.it/gaTc
2023-03-20,Mad Max: Fury Road,2015,https://boxd.it/2DjO
2023-03-20,Deadpool,2016,https://boxd.it/9fOC
2023-03-20,The Avengers,2012,https://boxd.it/1xFW
2023-03-20,Inside Out,2015,https://boxd.it/4KHC
2023-03-20,Avatar,2009,https://boxd.it/1Efm
2023-03-20,WALL·E,2008,https://boxd.it/1VEo
2023-03-20,Doctor Strange,2016,https://boxd.it/8MH8
2023-03-20,Iron Man,2008,https://boxd.it/28dA
2023-03-20,Guardians of the Galaxy Vol. 2,2017,https://boxd.it/8MxC
2023-03-20,Star Wars: The Force Awakens,2015,https://boxd.it/4vru
2023-03-20,Little Miss Sunshine,2006,https://boxd.it/29EW
2023-03-20,The Breakfast Club,1985,https://boxd.it/27q4
2023-03-20,Spider-Man,2002,https://boxd.it/2a8i
2023-03-20,Jurassic Park,1993,https://boxd.it/2aA2
2023-03-20,Toy Story,1995,https://boxd.it/29qA
2023-03-20,A Clockwork Orange,1971,https://boxd.it/2aVE
2023-03-20,Memento,2000,https://boxd.it/2bcK
2023-03-20,Blade Runner,1982,https://boxd.it/2bcA
2023-03-20,Bullet Train,2022,https://boxd.it/qW26
2023-03-20,Reservoir Dogs,1992,https://boxd.it/2agc
2023-03-20,The Incredibles,2004,https://boxd.it/1XLm
2023-03-20,Thor: Love and Thunder,2022,https://boxd.it/mMAY
2023-03-20,The Dark Knight Rises,2012,https://boxd.it/H3m
2023-03-20,Finding Nemo,2003,https://boxd.it/72i
2023-03-20,Star Wars: The Last Jedi,2017,https://boxd.it/5xme
2023-03-20,Catch Me If You Can,2002,https://boxd.it/29VS
2023-03-20,Black Widow,2021,https://boxd.it/hWV8
2023-03-20,Shang-Chi and the Legend of the Ten Rings,2021,https://boxd.it/kLDI
2023-03-20,Scream,1996,https://boxd.it/24EC
2023-03-20,Avengers: Age of Ultron,2015,https://boxd.it/3qi6
2023-03-20,Spider-Man 2,2004,https://boxd.it/2a88
2023-03-20,"Monsters, Inc.",2001,https://boxd.it/2a46
2023-03-20,Captain Marvel,2019,https://boxd.it/9vSA
2023-03-20,Shrek,2001,https://boxd.it/29zi
2023-03-20,Lost in Translation,2003,https://boxd.it/2b0E
2023-03-20,Requiem for a Dream,2000,https://boxd.it/29VI
2023-03-20,Batman Begins,2005,https://boxd.it/2aIg
2023-03-20,Mean Girls,2004,https://boxd.it/1VNg
2023-03-20,Encanto,2021,https://boxd.it/kPRu
2023-03-20,Rogue One: A Star Wars Story,2016,https://boxd.it/aPvy
2023-03-20,The Martian,2015,https://boxd.it/8SeG
2023-03-20,Ant-Man,2015,https://boxd.it/3vmW
2023-03-20,Return of the Jedi,1983,https://boxd.it/27Vm
2023-03-20,John Wick,2014,https://boxd.it/7dEc
2023-03-20,Superbad,2007,https://boxd.it/20hO
2023-03-20,Black Panther: Wakanda Forever,2022,https://boxd.it/igPu
2023-03-20,Home Alone,1990,https://boxd.it/29Fg
2023-03-20,Captain America: The First Avenger,2011,https://boxd.it/28b0
2023-03-20,The Prestige,2006,https://boxd.it/293w
2023-03-20,The Revenant,2015,https://boxd.it/8H5e
2023-03-20,The Big Lebowski,1998,https://boxd.it/2b6C
2023-03-20,Star Wars: Episode III – Revenge of the Sith,2005,https://boxd.it/27US
2023-03-20,Star Wars: The Rise of Skywalker,2019,https://boxd.it/5xlK
2023-03-20,Luca,2021,https://boxd.it/ipjC
2023-03-20,American Beauty,1999,https://boxd.it/71Y
2023-03-20,Ferris Bueller's Day Off,1986,https://boxd.it/1YPY
2023-03-20,Eternals,2021,https://boxd.it/j36o
2023-03-20,Kill Bill: Vol. 2,2004,https://boxd.it/2au4
2023-03-20,Iron Man 3,2013,https://boxd.it/2cBQ
2023-03-20,Deadpool 2,2018,https://boxd.it/dlLM
2023-03-20,Thor,2011,https://boxd.it/1WQU
2023-03-20,Toy Story 3,2010,https://boxd.it/1WRe
2023-03-20,The Amazing Spider-Man,2012,https://boxd.it/27PI
2023-03-20,Juno,2007,https://boxd.it/210a
2023-03-20,Star Wars: Episode I – The Phantom Menace,1999,https://boxd.it/27Vc
2023-03-20,Iron Man 2,2010,https://boxd.it/1WZM
2023-03-20,Clueless,1995,https://boxd.it/1Ygk
2023-03-20,Trainspotting,1996,https://boxd.it/29XY
2023-03-20,Zootopia,2016,https://boxd.it/84xS
2023-03-20,Scarface,1983,https://boxd.it/2b7g
2023-03-20,Isle of Dogs,2018,https://boxd.it/dZrW
2023-03-20,Pirates of the Caribbean: The Curse of the Black Pearl,2003,https://boxd.it/70G
2023-03-20,Shrek 2,2004,https://boxd.it/29z8
2023-03-20,The Royal Tenenbaums,2001,https://boxd.it/1YHU
2023-03-20,Tangled,2010,https://boxd.it/15gO
2023-03-20,Eyes Wide Shut,1999,https://boxd.it/2axs
2023-03-20,Toy Story 2,1999,https://boxd.it/29qq
2023-03-20,Ant-Man and the Wasp,2018,https://boxd.it/cqUW
2023-03-20,Star Wars: Episode II – Attack of the Clones,2002,https://boxd.it/27V2
2023-03-20,Raiders of the Lost Ark,1981,https://boxd.it/2bbs
2023-03-20,Moana,2016,https://boxd.it/8tfY
2023-03-20,Die Hard,1988,https://boxd.it/2a7u
2023-03-20,Spider-Man 3,2007,https://boxd.it/2a7Y
2023-03-20,Big Hero 6,2014,https://boxd.it/5rje
2023-03-20,Toy Story 4,2019,https://boxd.it/9ALu
2023-03-20,E.T. the Extra-Terrestrial,1982,https://boxd.it/2a1G
2023-03-20,Venom,2018,https://boxd.it/b8wA
2023-03-20,Frozen,2013,https://boxd.it/3GNa
2023-03-20,Top Gun,1986,https://boxd.it/29JC
2023-03-20,Full Metal Jacket,1987,https://boxd.it/2a1Q
2023-03-20,Ocean's Eleven,2001,https://boxd.it/2aZm
2023-03-20,Gladiator,2000,https://boxd.it/2b9m
2023-03-20,Ready Player One,2018,https://boxd.it/aZes
2023-03-20,Citizen Kane,1941,https://boxd.it/71O
2023-03-20,The Amazing Spider-Man 2,2014,https://boxd.it/3utM
2023-03-20,Hot Fuzz,2007,https://boxd.it/2416
2023-03-20,Silver Linings Playbook,2012,https://boxd.it/2TTo
2023-03-20,Zombieland,2009,https://boxd.it/1En6
2023-03-20,V for Vendetta,2005,https://boxd.it/29Ik
2023-03-20,How to Train Your Dragon,2010,https://boxd.it/1WRy
2023-03-20,"Girl, Interrupted",1999,https://boxd.it/25ds
2023-03-20,The Exorcist,1973,https://boxd.it/1Yoo
2023-03-20,The Hangover,2009,https://boxd.it/1GjK
2023-03-20,The Lego Movie,2014,https://boxd.it/4pDO
2023-03-20,Cars,2006,https://boxd.it/29ho
2023-03-20,John Wick: Chapter 2,2017,https://boxd.it/ayGu
2023-03-20,Punch-Drunk Love,2002,https://boxd.it/20E4
2023-03-20,Solo: A Star Wars Story,2018,https://boxd.it/bGWs
2023-03-20,Stand by Me,1986,https://boxd.it/2aOe
2023-03-20,The Curious Case of Benjamin Button,2008,https://boxd.it/23Fk
2023-03-20,Blue Velvet,1986,https://boxd.it/29BI
2023-03-20,Boogie Nights,1997,https://boxd.it/23um
2023-03-20,Dr. Strangelove or: How I Learned to Stop Worrying and Love the Bomb,1964,https://boxd.it/29eY
2023-03-20,Ghostbusters,1984,https://boxd.it/g2w
2023-03-20,Casino Royale,2006,https://boxd.it/1alk
2023-03-20,John Wick: Chapter 3 – Parabellum,2019,https://boxd.it/gmFw
2023-03-20,Ocean's Eight,2018,https://boxd.it/eaai
2023-03-20,Finding Dory,2016,https://boxd.it/4aAA
2023-03-20,Kung Fu Panda,2008,https://boxd.it/1Yws
2023-03-20,Magnolia,1999,https://boxd.it/2aze
2023-03-20,The Terminator,1984,https://boxd.it/2aQY
2023-03-20,Wreck-It Ralph,2012,https://boxd.it/2TTS
2023-03-20,Legally Blonde,2001,https://boxd.it/1ZNa
2023-03-20,Back to the Future Part II,1989,https://boxd.it/2aYI
2023-03-20,Aquaman,2018,https://boxd.it/9ru0
2023-03-20,Aliens,1986,https://boxd.it/29PA
2023-03-20,Heathers,1989,https://boxd.it/26x4
2023-03-20,Being John Malkovich,1999,https://boxd.it/2ahu
2023-03-20,Rocky,1976,https://boxd.it/28Uk
2023-03-20,Almost Famous,2000,https://boxd.it/29CQ
2023-03-20,Aladdin,1992,https://boxd.it/29yE
2023-03-20,Elf,2003,https://boxd.it/1VyK
2023-03-20,Grease,1978,https://boxd.it/29YW
2023-03-20,American History X,1998,https://boxd.it/2bdo
2023-03-20,Indiana Jones and the Last Crusade,1989,https://boxd.it/2baO
2023-03-20,Borat: Cultural Learnings of America for Make Benefit Glorious Nation of Kazakhstan,2006,https://boxd.it/2agQ
2023-03-20,Jackie Brown,1997,https://boxd.it/2aVO
2023-03-20,X-Men: First Class,2011,https://boxd.it/FOA
2023-03-20,Despicable Me,2010,https://boxd.it/1DD8
2023-03-20,Mission: Impossible – Fallout,2018,https://boxd.it/bSVc
2023-03-20,The Life Aquatic with Steve Zissou,2004,https://boxd.it/2aqw
2023-03-20,Minions: The Rise of Gru,2022,https://boxd.it/fz9w
2023-03-20,Watchmen,2009,https://boxd.it/1QE4
2023-03-20,The Matrix Reloaded,2003,https://boxd.it/2a1c
2023-03-20,The Graduate,1967,https://boxd.it/18Im
2023-03-20,Zoolander,2001,https://boxd.it/1YMA
2023-03-20,Indiana Jones and the Temple of Doom,1984,https://boxd.it/2bb8
2023-03-20,Home Alone 2: Lost in New York,1992,https://boxd.it/29F6
2023-03-20,Moneyball,2011,https://boxd.it/glS
2023-03-20,Snatch,2000,https://boxd.it/2b7U
2023-03-20,Beauty and the Beast,1991,https://boxd.it/1XhG
2023-03-20,Rushmore,1998,https://boxd.it/1TAO
2023-03-20,The Lego Batman Movie,2017,https://boxd.it/azp0
2023-03-20,28 Days Later,2002,https://boxd.it/2aXU
2023-03-20,Cast Away,2000,https://boxd.it/20i8
2023-03-20,Batman,1989,https://boxd.it/2aIU
2023-03-20,Paprika,2006,https://boxd.it/23wW
2023-03-20,Borat Subsequent Moviefilm,2020,https://boxd.it/rNS0
2023-03-20,House,1977,https://boxd.it/1vsm
2023-03-20,The Game,1997,https://boxd.it/26vC
2023-03-20,The Fly,1986,https://boxd.it/1YIe
2023-03-20,Back to the Future Part III,1990,https://boxd.it/2aTS
2023-03-20,Breakfast at Tiffany's,1961,https://boxd.it/2aYS
2023-03-20,This Is the End,2013,https://boxd.it/3GB4
2023-03-20,The Wizard of Oz,1939,https://boxd.it/29Xu
2023-03-20,Napoleon Dynamite,2004,https://boxd.it/20wu
2023-03-20,X-Men,2000,https://boxd.it/1a7s
2023-03-20,Moulin Rouge!,2001,https://boxd.it/29wI
2023-03-20,The Mask,1994,https://boxd.it/29rS
2023-03-20,Minority Report,2002,https://boxd.it/2aWi
2023-03-20,The Polar Express,2004,https://boxd.it/23am
2023-03-20,The Little Mermaid,1989,https://boxd.it/1WYO
2023-03-20,Lightyear,2022,https://boxd.it/qV1G
2023-03-20,Black Adam,2022,https://boxd.it/fup0
2023-03-20,Sherlock Holmes,2009,https://boxd.it/1W2A
2023-03-20,Unbreakable,2000,https://boxd.it/1XV2
2023-03-20,Thelma & Louise,1991,https://boxd.it/28Ew
2023-03-20,Gremlins,1984,https://boxd.it/29gg
2023-03-20,The Matrix Revolutions,2003,https://boxd.it/2a12
2023-03-20,The 40 Year Old Virgin,2005,https://boxd.it/21hK
2023-03-20,Fear and Loathing in Las Vegas,1998,https://boxd.it/27Xs
2023-03-20,Tropic Thunder,2008,https://boxd.it/20WM
2023-03-20,Death Proof,2007,https://boxd.it/27GG
2023-03-20,Batman Returns,1992,https://boxd.it/2awa
2023-03-20,The Goonies,1985,https://boxd.it/1YVC
2023-03-20,Twelve Monkeys,1995,https://boxd.it/2beQ
2023-03-20,Mission: Impossible,1996,https://boxd.it/29d2
2023-03-20,Predator,1987,https://boxd.it/2b84
2023-03-20,Videodrome,1983,https://boxd.it/29uC
2023-03-20,Ralph Breaks the Internet,2018,https://boxd.it/edAy
2023-03-20,Adaptation.,2002,https://boxd.it/26mA
2023-03-20,Collateral,2004,https://boxd.it/28F0
2023-03-20,The Terminal,2004,https://boxd.it/2a2O
2023-03-20,Annie Hall,1977,https://boxd.it/29M2
2023-03-20,X2,2003,https://boxd.it/1a7i
2023-03-20,True Grit,2010,https://boxd.it/Sog
2023-03-20,Rain Man,1988,https://boxd.it/2avw
2023-03-20,Ghost in the Shell,1995,https://boxd.it/1YYc
2023-03-20,50 First Dates,2004,https://boxd.it/285c
2023-03-20,The Elephant Man,1980,https://boxd.it/27LQ
2023-03-20,Who Framed Roger Rabbit,1988,https://boxd.it/29ry
2023-03-20,Cars 2,2011,https://boxd.it/H4Y
2023-03-20,Freaky Friday,2003,https://boxd.it/1WwK
2023-03-20,Y Tu Mamá También,2001,https://boxd.it/28QM
2023-03-20,RoboCop,1987,https://boxd.it/22Wu
2023-03-20,The Butterfly Effect,2004,https://boxd.it/27M0
2023-03-20,Mission: Impossible – Rogue Nation,2015,https://boxd.it/5rI4
2023-03-20,Chef,2014,https://boxd.it/6lCG
2023-03-20,Mission: Impossible – Ghost Protocol,2011,https://boxd.it/psI
2023-03-20,L.A. Confidential,1997,https://boxd.it/27oC
2023-03-20,Ocean's Twelve,2004,https://boxd.it/2aZ2
2023-03-20,The Talented Mr. Ripley,1999,https://boxd.it/2924
2023-03-20,Step Brothers,2008,https://boxd.it/1SsE
2023-03-20,The Bourne Identity,2002,https://boxd.it/26EO
2023-03-20,Buffalo '66,1998,https://boxd.it/1YC6
2023-03-20,Crash,1996,https://boxd.it/29n2
2023-03-20,A History of Violence,2005,https://boxd.it/2bfa
2023-03-20,The Fountain,2006,https://boxd.it/28RU
2023-03-20,Scanners,1981,https://boxd.it/1YqE
2023-03-20,Dead Ringers,1988,https://boxd.it/1Yqk
2023-03-20,My Big Fat Greek Wedding,2002,https://boxd.it/20k4
2023-03-20,Naked Lunch,1991,https://boxd.it/26ow
2023-03-20,Capote,2005,https://boxd.it/2atq
2023-03-20,Bowling for Columbine,2002,https://boxd.it/28Ls
2023-03-20,Johnny Mnemonic,1995,https://boxd.it/1XBQ
2023-03-20,Exotica,1994,https://boxd.it/1DXW
2023-03-20,Heavy Metal,1981,https://boxd.it/1SZI
2023-03-20,The Day the Earth Stood Still,2008,https://boxd.it/1WQ6
2023-03-20,The X-Files,1998,https://boxd.it/29ta
2023-03-20,The Sweet Hereafter,1997,https://boxd.it/1WNm
2023-03-20,Affliction,1997,https://boxd.it/1iAM
2023-03-20,The Accused,1988,https://boxd.it/1VbQ
2023-03-20,In the Company of Men,1997,https://boxd.it/1NMY
2023-03-20,Volver,2006,https://boxd.it/2aQO
2023-03-20,Tie Me Up! Tie Me Down!,1989,https://boxd.it/26FW
2023-03-20,The Flower of My Secret,1995,https://boxd.it/24we
2023-03-20,Dune,2021,https://boxd.it/fA7G
2023-03-20,Before Night Falls,2000,https://boxd.it/23to
2023-03-20,Vanilla Sky,2001,https://boxd.it/27TK
2023-03-20,Blow,2001,https://boxd.it/24Mm
2023-03-20,Down by Law,1986,https://boxd.it/28CA
2023-03-20,I Shot Andy Warhol,1996,https://boxd.it/1sWS
2023-03-20,High Fidelity,2000,https://boxd.it/2aMW
2023-03-20,Short Cuts,1993,https://boxd.it/29Nk
2023-03-20,Hannibal,2001,https://boxd.it/1XVc
2023-03-20,The Fugitive,1993,https://boxd.it/230G
2023-03-20,Psycho,1998,https://boxd.it/1Ugg
2023-03-20,Tales from the Darkside: The Movie,1990,https://boxd.it/1D2c
2023-03-20,The Shipping News,2001,https://boxd.it/21Ho
2023-03-20,"sex, lies, and videotape",1989,https://boxd.it/28Oc
2023-03-20,The Man Who Wasn't There,2001,https://boxd.it/1Vqc
2023-03-20,Dolores Claiborne,1995,https://boxd.it/1SKo
2023-03-20,Sid and Nancy,1986,https://boxd.it/1N6e
2023-03-20,Atanarjuat: The Fast Runner,2001,https://boxd.it/1Qyq
2023-03-20,The Limey,1999,https://boxd.it/1Woc
2023-03-20,After Life,1998,https://boxd.it/1HMI
2023-03-20,The Insider,1999,https://boxd.it/1ZoE
2023-03-20,Election,1999,https://boxd.it/1YEc
2023-03-20,American Movie,1999,https://boxd.it/1Oty
2023-03-20,Three Kings,1999,https://boxd.it/21IG
2023-03-20,Ride with the Devil,1999,https://boxd.it/1APq
2023-03-20,Bowfinger,1999,https://boxd.it/1U3w
2023-03-20,"South Park: Bigger, Longer & Uncut",1999,https://boxd.it/1YAO
2023-03-20,Sleepy Hollow,1999,https://boxd.it/26u0
2023-03-20,Office Space,1999,https://boxd.it/28Em
2023-03-20,The Thomas Crown Affair,1999,https://boxd.it/29im
2023-03-20,Run Lola Run,1998,https://boxd.it/2b8o
2023-03-20,Shakespeare in Love,1998,https://boxd.it/27Pe
2023-03-20,Pleasantville,1998,https://boxd.it/26uY
2023-03-20,Armageddon,1998,https://boxd.it/2b9Q
2023-03-20,Pi,1998,https://boxd.it/2ajq
2023-03-20,There's Something About Mary,1998,https://boxd.it/2aae
2023-03-20,Your Friends & Neighbors,1998,https://boxd.it/2GfA
2023-03-20,Hilary and Jackie,1998,https://boxd.it/LOc
2023-03-20,Blade,1998,https://boxd.it/1a8A
2023-03-20,Can't Hardly Wait,1998,https://boxd.it/1MWI
2023-03-20,The Wedding Singer,1998,https://boxd.it/1USO
2023-03-20,Sliding Doors,1998,https://boxd.it/1WNG
2023-03-20,The Avengers,1998,https://boxd.it/1YYG
2023-03-20,BASEketball,1998,https://boxd.it/1OVs
2023-03-20,Starship Troopers,1997,https://boxd.it/2a7k
2023-03-20,Face/Off,1997,https://boxd.it/29I0
2023-03-20,Gattaca,1997,https://boxd.it/29Du
2023-03-20,Grosse Pointe Blank,1997,https://boxd.it/1YGW
2023-03-20,The Spanish Prisoner,1997,https://boxd.it/1nZW
2023-03-20,The Full Monty,1997,https://boxd.it/1YI4
2023-03-20,Chasing Amy,1997,https://boxd.it/274W
2023-03-20,Alien Resurrection,1997,https://boxd.it/20zI
2023-03-20,A Life Less Ordinary,1997,https://boxd.it/20Bu
2023-03-20,Mission: Impossible II,2000,https://boxd.it/29cS
2023-03-20,Meet the Parents,2000,https://boxd.it/28vE
2023-03-20,A.I. Artificial Intelligence,2001,https://boxd.it/29Ve
2023-03-20,Gosford Park,2001,https://boxd.it/239e
2023-03-20,Sexy Beast,2000,https://boxd.it/1SZS
2023-03-20,Ali,2001,https://boxd.it/205e
2023-03-20,Ghost World,2001,https://boxd.it/28Dy
2023-03-20,A Knight's Tale,2001,https://boxd.it/1YAk
2023-03-20,Monster's Ball,2001,https://boxd.it/28Uu
2023-03-20,Serendipity,2001,https://boxd.it/1XPy
2023-03-20,Insomnia,2002,https://boxd.it/2aB0
2023-03-20,Insomnia,1997,https://boxd.it/1txk
2023-03-20,Panic Room,2002,https://boxd.it/2490
2023-03-20,Jackass: The Movie,2002,https://boxd.it/1Zo0
2023-03-20,Ju-on: The Grudge,2002,https://boxd.it/1SY6
2023-03-20,Elephant,2003,https://boxd.it/287i
2023-03-20,Mystic River,2003,https://boxd.it/2aAG
2023-03-20,Bend It Like Beckham,2002,https://boxd.it/2am0
2023-03-20,Ripley's Game,2002,https://boxd.it/1UZg
2023-03-20,Bad Santa,2003,https://boxd.it/1WYk
2023-03-20,Swimming Pool,2003,https://boxd.it/2aDU
2023-03-20,"Good Bye, Lenin!",2003,https://boxd.it/2ayA
2023-03-20,Terminator 3: Rise of the Machines,2003,https://boxd.it/2aES
2023-03-20,The Last Samurai,2003,https://boxd.it/29ZA
2023-03-20,21 Grams,2003,https://boxd.it/2ajK
2023-03-20,Bruce Almighty,2003,https://boxd.it/2aCC
2023-03-20,The Passion of the Christ,2004,https://boxd.it/29ZK
2023-03-20,DodgeBall: A True Underdog Story,2004,https://boxd.it/1YAY
2023-03-20,Troy,2004,https://boxd.it/29TW
2023-03-20,The Grudge,2004,https://boxd.it/27Jq
2023-03-20,Along Came Polly,2004,https://boxd.it/22fU
2023-03-20,Meet the Fockers,2004,https://boxd.it/29NE
2023-03-20,Wedding Crashers,2005,https://boxd.it/1Yte
2023-03-20,King Kong,2005,https://boxd.it/2aLa
2023-03-20,War of the Worlds,2005,https://boxd.it/2bde
2023-03-20,Constantine,2005,https://boxd.it/2a7E
2023-03-20,Mission: Impossible III,2006,https://boxd.it/29cI
2023-03-20,Pirates of the Caribbean: Dead Man's Chest,2006,https://boxd.it/2bfk
2023-03-20,Nacho Libre,2006,https://boxd.it/1YTG
2023-03-20,Stranger Than Fiction,2006,https://boxd.it/28Za
2023-03-20,Crank,2006,https://boxd.it/27MY
2023-03-20,Lady in the Water,2006,https://boxd.it/1Y1E
2023-03-20,Knocked Up,2007,https://boxd.it/23yS
2023-03-20,Walk Hard: The Dewey Cox Story,2007,https://boxd.it/21wK
2023-03-20,Ocean's Thirteen,2007,https://boxd.it/2aEy
2023-03-20,Hellboy II: The Golden Army,2008,https://boxd.it/1Ug6
2023-03-20,Pineapple Express,2008,https://boxd.it/1WRS
2023-03-20,Speed Racer,2008,https://boxd.it/20UQ
2023-03-20,The House Bunny,2008,https://boxd.it/1RyG
2023-03-20,Star Trek,2009,https://boxd.it/1Q6c
2023-03-20,Sherlock Holmes: A Game of Shadows,2011,https://boxd.it/k3S
2023-03-20,Where the Wild Things Are,2009,https://boxd.it/1K0C
2023-03-20,Limitless,2011,https://boxd.it/Aly
2023-03-20,Horrible Bosses,2011,https://boxd.it/Ba2
2023-03-20,The Green Hornet,2011,https://boxd.it/10TQ
2023-03-20,Bad Teacher,2011,https://boxd.it/yXA
2023-03-20,The Hangover Part II,2011,https://boxd.it/PZI
2023-03-20,John Carter,2012,https://boxd.it/FQ2
2023-03-20,This Is 40,2012,https://boxd.it/39WI
2023-03-20,Jackass Presents: Bad Grandpa,2013,https://boxd.it/6e3u
2023-03-20,Koyaanisqatsi,1982,https://boxd.it/1U9E
2023-03-20,Baraka,1992,https://boxd.it/1OWA
2023-03-20,Man on Wire,2008,https://boxd.it/1ORK
2023-03-20,Jackass 3D,2010,https://boxd.it/1KpM
2023-03-20,Jackass Number Two,2006,https://boxd.it/1SyM
2023-03-20,Kapo,1960,https://boxd.it/Ou0
2023-03-20,Rosemary's Baby,1968,https://boxd.it/29zM
2023-03-20,Misery,1990,https://boxd.it/28gY
2023-03-20,Battle Royale,2000,https://boxd.it/25zS
2023-03-20,8 Mile,2002,https://boxd.it/2bew
2023-03-20,Lolita,1962,https://boxd.it/29Ag
2023-03-20,Natural Born Killers,1994,https://boxd.it/2aNg
2023-03-20,"Crouching Tiger, Hidden Dragon",2000,https://boxd.it/2b1M
2023-03-20,Hero,2002,https://boxd.it/2bcq
2023-03-20,House of Flying Daggers,2004,https://boxd.it/1YoI
2023-03-20,Iron Monkey,1993,https://boxd.it/1Rfk
2023-03-20,Platoon,1986,https://boxd.it/29BS
2023-03-20,About Schmidt,2002,https://boxd.it/26mU
2023-03-20,Barton Fink,1991,https://boxd.it/2aFQ
2023-03-20,Kids,1995,https://boxd.it/1YUY
2023-03-20,Manhattan,1979,https://boxd.it/29Na
2023-03-20,Hannah and Her Sisters,1986,https://boxd.it/23jy
2023-03-20,Sweet and Lowdown,1999,https://boxd.it/1Y3K
2023-03-20,Celebrity,1998,https://boxd.it/1YBM
2023-03-20,Mighty Aphrodite,1995,https://boxd.it/1TPu
2023-03-20,Husbands and Wives,1992,https://boxd.it/1pIe
2023-03-20,"La Commune (Paris, 1871)",2000,https://boxd.it/9rO
2023-03-20,Ballad of a Soldier,1959,https://boxd.it/MPq
2023-03-20,"Je T'Aime, Je T'Aime",1968,https://boxd.it/23P0
2023-03-20,My American Uncle,1980,https://boxd.it/13qC
2023-03-21,Dances with Wolves,1990,https://boxd.it/2a4K
2023-03-21,Crash,2004,https://boxd.it/28q0
2023-03-21,Midnight Cowboy,1969,https://boxd.it/25Hi
2023-03-21,Fish Tank,2009,https://boxd.it/1xBg
2023-03-21,A Fish Called Wanda,1988,https://boxd.it/29YC
2023-03-21,Sideways,2004,https://boxd.it/1Y5c
2023-03-21,"4 Months, 3 Weeks and 2 Days",2007,https://boxd.it/27DW
2023-03-21,Fahrenheit 9/11,2004,https://boxd.it/28a2
2023-03-21,The Son's Room,2001,https://boxd.it/1TPE
2023-03-21,Kagemusha,1980,https://boxd.it/1SGG
2023-03-21,Blow-Up,1966,https://boxd.it/2966
2023-03-21,Raising Arizona,1987,https://boxd.it/2avQ
2023-03-21,Moonstruck,1987,https://boxd.it/27zg
2023-03-21,The Rock,1996,https://boxd.it/1XM0
2023-03-21,Traffic,2000,https://boxd.it/27Ue
2023-03-21,A Scanner Darkly,2006,https://boxd.it/25jK
2023-03-21,Slacker,1990,https://boxd.it/1OUu
2023-03-21,Fireworks,1997,https://boxd.it/22mQ
2023-03-21,Violent Cop,1989,https://boxd.it/1Rym
2023-03-21,A Scene at the Sea,1991,https://boxd.it/1z10
2023-03-21,Rashomon,1950,https://boxd.it/2a9K
2023-03-21,Dreams,1990,https://boxd.it/1ROu
2023-03-21,Dersu Uzala,1975,https://boxd.it/1XRO
2023-03-21,Stray Dog,1949,https://boxd.it/1ltu
2023-03-21,I Live in Fear,1955,https://boxd.it/1BOo
2023-03-21,Madadayo,1993,https://boxd.it/1Pcy
2023-03-21,Dodes'ka-den,1970,https://boxd.it/1fVs
2023-03-21,The Hidden Fortress,1958,https://boxd.it/295M
2023-03-21,Hotel Rwanda,2004,https://boxd.it/2aSA
2023-03-21,The Hanging Garden,1997,https://boxd.it/1cHi
2023-03-21,Strictly Ballroom,1992,https://boxd.it/1WkY
2023-03-21,The Fisher King,1991,https://boxd.it/2aWM
2023-03-21,Women on the Verge of a Nervous Breakdown,1988,https://boxd.it/24GI
2023-03-21,The Big Chill,1983,https://boxd.it/1RHI
2023-03-21,The Man Who Fell to Earth,1976,https://boxd.it/298w
2023-03-21,Labyrinth,1986,https://boxd.it/1POC
2023-03-21,The Illusionist,2006,https://boxd.it/28H6
2023-03-21,Madame Bovary,1991,https://boxd.it/26Dc
2023-03-21,Chocolat,2000,https://boxd.it/2aue
2023-03-21,The Fabulous Baker Boys,1989,https://boxd.it/1VaI
2023-03-21,Trees Lounge,1996,https://boxd.it/1qQ4
2023-03-21,Desperado,1995,https://boxd.it/20Bk
2023-03-21,The Island,2005,https://boxd.it/28qE
2023-03-21,Living in Oblivion,1995,https://boxd.it/1ZeO
2023-03-21,Rising Sun,1993,https://boxd.it/21d4
2023-03-21,Coffee and Cigarettes II,1989,https://boxd.it/7Ram
2023-03-21,Baise-moi,2000,https://boxd.it/25Fc
2023-03-21,Barfly,1987,https://boxd.it/1V2a
2023-03-21,Total Recall,1990,https://boxd.it/29qK
2023-03-21,Lethal Weapon,1987,https://boxd.it/29e0
2023-03-21,Beverly Hills Cop,1984,https://boxd.it/2baE
2023-03-21,48 Hrs.,1982,https://boxd.it/2b18
2023-03-21,Diabolique,1996,https://boxd.it/1UV4
2023-03-21,Man Bites Dog,1992,https://boxd.it/1X7Q
2023-03-21,The Lover,1992,https://boxd.it/1UU6
2023-03-21,Trafic,1971,https://boxd.it/1TZu
2023-03-21,My Dinner with Andre,1981,https://boxd.it/1vLe
2023-03-21,Das Boot,1981,https://boxd.it/2av2
2023-03-21,Ali: Fear Eats the Soul,1974,https://boxd.it/2aRi
2023-03-21,Hearts and Minds,1974,https://boxd.it/WSE
2023-03-21,Love on the Run,1979,https://boxd.it/2aKm
2023-03-21,Stolen Kisses,1968,https://boxd.it/2aL0
2023-03-21,Spartacus,1960,https://boxd.it/29bq
2023-03-21,The Killer,1989,https://boxd.it/1Vha
2023-03-21,Hard Boiled,1992,https://boxd.it/1T6a
2023-03-21,Rebecca,1940,https://boxd.it/2aQa
2023-03-21,Notorious,1946,https://boxd.it/2aDK
2023-03-21,The Harder They Come,1972,https://boxd.it/20RC
2023-03-21,Early Summer,1951,https://boxd.it/E4G
2023-03-21,Spellbound,1945,https://boxd.it/24Ji
2023-03-21,The Unbearable Lightness of Being,1988,https://boxd.it/1VKc
2023-03-21,In the Name of the Father,1993,https://boxd.it/20I6
2023-03-21,My Left Foot: The Story of Christy Brown,1989,https://boxd.it/1WW4
2023-03-21,The Last of the Mohicans,1992,https://boxd.it/1YSo
2023-03-21,Billy Liar,1963,https://boxd.it/1tGQ
2023-03-21,The 39 Steps,1935,https://boxd.it/2aKc
2023-03-21,Good Morning,1959,https://boxd.it/2lkk
2023-03-21,Grindhouse,2007,https://boxd.it/8RwY
2023-03-21,Four Rooms,1995,https://boxd.it/73g
2023-03-21,The Usual Suspects,1995,https://boxd.it/29XE
2023-03-21,Speed,1994,https://boxd.it/28qk
2023-03-21,From Dusk Till Dawn,1996,https://boxd.it/29HQ
2023-03-21,Enola Holmes 2,2022,https://boxd.it/vfDe
2023-03-21,The Untouchables,1987,https://boxd.it/2b6i
2023-03-21,"Lock, Stock and Two Smoking Barrels",1998,https://boxd.it/2b92
2023-03-21,The Blues Brothers,1980,https://boxd.it/2adi
2023-03-21,Cure,1997,https://boxd.it/1blA
2023-03-21,Boyz n the Hood,1991,https://boxd.it/29Ug
2023-03-21,Blood Simple,1984,https://boxd.it/1U16
2023-03-21,My Cousin Vinny,1992,https://boxd.it/1WpO
2023-03-21,The French Connection,1971,https://boxd.it/296g
2023-03-21,Miller's Crossing,1990,https://boxd.it/2avG
2023-03-21,Manhunter,1986,https://boxd.it/1TOw
2023-03-21,Red Dragon,2002,https://boxd.it/1Yrs
2023-03-21,Falling Down,1993,https://boxd.it/194M
2023-03-21,Ichi the Killer,2001,https://boxd.it/1Y1O
2023-03-21,The Italian Job,2003,https://boxd.it/1Y86
2023-03-21,Glengarry Glen Ross,1992,https://boxd.it/1Yw8
2023-03-21,25th Hour,2002,https://boxd.it/28LC
2023-03-21,Sleepers,1996,https://boxd.it/29xw
2023-03-21,Strange Days,1995,https://boxd.it/2aGO
2023-03-21,The Castle of Cagliostro,1979,https://boxd.it/1Mn4
2023-03-21,Layer Cake,2004,https://boxd.it/23LC
2023-03-21,Wall Street,1987,https://boxd.it/1VFG
2023-03-21,Demolition Man,1993,https://boxd.it/1XVm
2023-03-21,Shallow Grave,1994,https://boxd.it/1XyW
2023-03-21,Bullitt,1968,https://boxd.it/29i2
2023-03-21,Tokyo Drifter,1966,https://boxd.it/OTY
2023-03-21,Lucky Number Slevin,2006,https://boxd.it/2aVu
2023-03-21,Serial Mom,1994,https://boxd.it/1Tty
2023-03-21,Drugstore Cowboy,1989,https://boxd.it/2aj6
2023-03-21,Intolerable Cruelty,2003,https://boxd.it/1T7i
2023-03-21,American Gigolo,1980,https://boxd.it/26l8
2023-03-21,El Mariachi,1992,https://boxd.it/1YRq
2023-03-21,Dirty Rotten Scoundrels,1988,https://boxd.it/1WZi
2023-03-21,"Faster, Pussycat! Kill! Kill!",1965,https://boxd.it/2aBO
2023-03-21,Get Shorty,1995,https://boxd.it/20Ga
2023-03-21,Get Carter,1971,https://boxd.it/28HU
2023-03-21,Clockers,1995,https://boxd.it/1D7w
2023-03-21,She Hate Me,2004,https://boxd.it/1CIc
2023-03-21,Malcolm X,1992,https://boxd.it/27WE
2023-03-21,JFK,1991,https://boxd.it/29xm
2023-03-21,Amarcord,1973,https://boxd.it/20NA
2023-03-21,The Night Porter,1974,https://boxd.it/1tsk
2023-03-21,Swept Away,1974,https://boxd.it/17cY
2023-03-21,Jade,1995,https://boxd.it/1SUe
2023-03-21,Beijing Bicycle,2001,https://boxd.it/1Rtm
2023-03-21,Baghead,2008,https://boxd.it/22C0
2023-03-21,13 Assassins,2010,https://boxd.it/jqc
2023-03-21,Dead or Alive,1999,https://boxd.it/1U9u
2023-03-21,Three... Extremes,2004,https://boxd.it/1eGw
2023-03-21,Eat Drink Man Woman,1994,https://boxd.it/1Wem
2023-03-21,The Bourne Supremacy,2004,https://boxd.it/26EE
2023-03-21,Alien³,1992,https://boxd.it/20zS
2023-03-21,Harold & Kumar Go to White Castle,2004,https://boxd.it/1Ueu
2023-03-21,The Muppets,2011,https://boxd.it/1zg
2023-03-21,Jay and Silent Bob Strike Back,2001,https://boxd.it/26ZM
2023-03-21,Mallrats,1995,https://boxd.it/26ZW
2023-03-21,Clerks,1994,https://boxd.it/2706
2023-03-21,Clerks II,2006,https://boxd.it/26ZC
2023-03-21,Changing Lanes,2002,https://boxd.it/28Fa
2023-03-21,Dogma,1999,https://boxd.it/284e
2023-03-21,Jersey Girl,2004,https://boxd.it/1Yqa
2023-03-21,Braindead,1992,https://boxd.it/29Gy
2023-03-21,The Secret of NIMH,1982,https://boxd.it/1Tc8
2023-03-21,"Goodbye, Dragon Inn",2003,https://boxd.it/oFG
2023-03-21,The NeverEnding Story,1984,https://boxd.it/1dE0
2023-03-21,The Wild Bunch,1969,https://boxd.it/2a5y
2023-03-21,A Fistful of Dollars,1964,https://boxd.it/2auo
2023-03-21,Commando,1985,https://boxd.it/1UTs
2023-03-21,Raw Deal,1986,https://boxd.it/27rw
2023-03-21,True Lies,1994,https://boxd.it/19pq
2023-03-21,The Tailor of Panama,2001,https://boxd.it/26BA
2023-03-21,Fulltime Killer,2001,https://boxd.it/1YjS
2023-03-21,Time and Tide,2000,https://boxd.it/Gpw
2023-03-21,Ip Man,2008,https://boxd.it/1NrQ
2023-03-21,Bloodsport,1988,https://boxd.it/1Tee
2023-03-21,Drunken Master II,1994,https://boxd.it/1Si0
2023-03-21,The King of the Kickboxers,1990,https://boxd.it/2cbo
2023-03-21,Maximum Overdrive,1986,https://boxd.it/1XnO
2023-03-21,Christine,1983,https://boxd.it/1ZRQ
2023-03-21,Secret Window,2004,https://boxd.it/28xq
2023-03-21,Up the Yangtze,2007,https://boxd.it/1MwA
2023-03-21,Fat Choi Spirit,2002,https://boxd.it/gpK
2023-03-21,Star Trek II: The Wrath of Khan,1982,https://boxd.it/2b0u
2023-03-21,Avengers: Endgame,2019,https://boxd.it/9vE4
2023-03-21,Avengers: Infinity War,2018,https://boxd.it/9vEe
2023-03-21,Re-Animator,1985,https://boxd.it/28hM
2023-03-21,28 Weeks Later,2007,https://boxd.it/28Bi
2023-03-21,Renaissance,2006,https://boxd.it/1YO2
2023-03-21,An American Pickle,2020,https://boxd.it/niWi
2023-03-21,Faithless,2000,https://boxd.it/Klo
2023-03-21,Solarbabies,1986,https://boxd.it/1a4y
2023-03-21,Krull,1983,https://boxd.it/29sG
2023-03-21,First Knight,1995,https://boxd.it/21zY
2023-03-21,Last Night,1998,https://boxd.it/1KLe
2023-03-21,Childstar,2004,https://boxd.it/YDm
2023-03-21,Highway 61,1991,https://boxd.it/206c
2023-03-22,Young Guns,1988,https://boxd.it/1SEq
2023-03-22,Judgment Night,1993,https://boxd.it/736
2023-03-22,Men at Work,1990,https://boxd.it/1WUM
2023-03-22,The Good Girl,2002,https://boxd.it/1Xqo
2023-03-22,The River Wild,1994,https://boxd.it/1Zr4
2023-03-22,Cyrus,2010,https://boxd.it/14zA
2023-03-22,Above the Law,1988,https://boxd.it/1YN4
2023-03-22,One Fine Day,1996,https://boxd.it/211i
2023-03-22,Up in the Air,2009,https://boxd.it/1zPY
2023-03-22,Welcome to Collinwood,2002,https://boxd.it/1Z8c
2023-03-22,Megamind,2010,https://boxd.it/16Sk
2023-03-22,The Lost City,2022,https://boxd.it/sg0Q
2023-03-22,Meet Joe Black,1998,https://boxd.it/2aEI
2023-03-22,Seven Years in Tibet,1997,https://boxd.it/29aC
2023-03-22,The Devil's Own,1997,https://boxd.it/24he
2023-03-22,Full Frontal,2002,https://boxd.it/1MEu
2023-03-22,Passengers,2016,https://boxd.it/8lFu
2023-03-22,Rio 2,2014,https://boxd.it/5jfy
2023-03-22,Smokin' Aces,2006,https://boxd.it/20Ri
2023-03-22,Flatliners,1990,https://boxd.it/28D4
2023-03-22,Phone Booth,2002,https://boxd.it/285G
2023-03-22,The Vanishing,1993,https://boxd.it/28pm
2023-03-22,Dead Man Walking,1995,https://boxd.it/29OC
2023-03-22,The Witches of Eastwick,1987,https://boxd.it/2272
2023-03-22,The Money Pit,1986,https://boxd.it/1Wc6
2023-03-22,The Simpsons Movie,2007,https://boxd.it/6YU
2023-03-22,The Da Vinci Code,2006,https://boxd.it/2a3i
2023-03-22,Big,1988,https://boxd.it/271S
2023-03-22,Apollo 13,1995,https://boxd.it/2a6G
2023-03-22,The 'Burbs,1989,https://boxd.it/1SDi
2023-03-22,That Thing You Do!,1996,https://boxd.it/1Yig
2023-03-22,Finch,2021,https://boxd.it/iXBq
2023-03-22,The Ladykillers,2004,https://boxd.it/22Z4
2023-03-22,Twister,1996,https://boxd.it/29S0
2023-03-22,Predator 2,1990,https://boxd.it/2aY4
2023-03-22,Trespass,1992,https://boxd.it/1BbQ
2023-03-22,A Few Good Men,1992,https://boxd.it/29nw
2023-03-22,"Planes, Trains and Automobiles",1987,https://boxd.it/26zE
2023-03-22,Tremors,1990,https://boxd.it/1YSe
2023-03-22,Footloose,1984,https://boxd.it/288A
2023-03-22,Wild Things,1998,https://boxd.it/29Zq
2023-03-22,Animal House,1978,https://boxd.it/2062
2023-03-22,Shine,1996,https://boxd.it/20MC
2023-03-22,Topsy-Turvy,1999,https://boxd.it/Nbc
2023-03-22,Bridget Jones's Diary,2001,https://boxd.it/29WQ
2023-03-22,Robots,2005,https://boxd.it/1Xve
2023-03-22,Superman,1978,https://boxd.it/27Qm
2023-03-22,Superman II,1980,https://boxd.it/204q
2023-03-22,Secretary,2002,https://boxd.it/1URc
2023-03-22,Hairspray,1988,https://boxd.it/1UKK
2023-03-22,Pecker,1998,https://boxd.it/1SVw
2023-03-22,Shaolin Soccer,2001,https://boxd.it/1T86
2023-03-23,The Wings of the Dove,1997,https://boxd.it/P8a
2023-03-23,Novocaine,2001,https://boxd.it/1CTa
2023-03-23,Little Shop of Horrors,1986,https://boxd.it/1Vqm
2023-03-23,The Jerk,1979,https://boxd.it/21EO
2023-03-23,Baby Mama,2008,https://boxd.it/1ZQe
2023-03-23,Roxanne,1987,https://boxd.it/1TuG
2023-03-23,L.A. Story,1991,https://boxd.it/27qe
2023-03-23,Shopgirl,2005,https://boxd.it/26zu
2023-03-23,The Out-of-Towners,1970,https://boxd.it/1Dt8
2023-03-23,Willow,1988,https://boxd.it/29t0
2023-03-23,The Doors,1991,https://boxd.it/1W18
2023-03-23,The Saint,1997,https://boxd.it/1Xkq
2023-03-23,Pollock,2000,https://boxd.it/1RPC
2023-03-23,The Salton Sea,2002,https://boxd.it/1TMq
2023-03-23,Catch-22,1970,https://boxd.it/1WrK
2023-03-23,The Birdcage,1996,https://boxd.it/1UTi
2023-03-23,Working Girl,1988,https://boxd.it/25ha
2023-03-23,The Jungle Book,2016,https://boxd.it/8wjk
2023-03-23,The Prophecy,1995,https://boxd.it/1SCk
2023-03-23,Spider-Man: Far From Home,2019,https://boxd.it/fegG
2023-03-23,Lakeview Terrace,2008,https://boxd.it/1Qv2
2023-03-23,Werner Herzog Eats His Shoe,1980,https://boxd.it/3pcw
2023-03-23,Death on the Nile,2022,https://boxd.it/ifpg
2023-03-23,Dark Phoenix,2019,https://boxd.it/anyO
2023-03-23,The SpongeBob SquarePants Movie,2004,https://boxd.it/1SYq
2023-03-23,The Guardians of the Galaxy Holiday Special,2022,https://boxd.it/t77K
2023-03-23,Minions,2015,https://boxd.it/6jCO
2023-03-23,Jungle Cruise,2021,https://boxd.it/g4YK
2023-03-23,Dune,1984,https://boxd.it/29tY
2023-03-23,Bill & Ted's Excellent Adventure,1989,https://boxd.it/28oI
2023-03-23,The Jungle Book,1967,https://boxd.it/1YY2
2023-03-23,The Day After Tomorrow,2004,https://boxd.it/2aog
2023-03-23,Big Trouble in Little China,1986,https://boxd.it/21em
2023-03-23,Puss in Boots,2011,https://boxd.it/eL34
2023-03-23,Rio,2011,https://boxd.it/NKc
2023-03-23,First Blood,1982,https://boxd.it/28U0
2023-03-23,Tomb Raider,2018,https://boxd.it/bgbA
2023-03-23,Despicable Me 3,2017,https://boxd.it/azpu
2023-03-23,GoldenEye,1995,https://boxd.it/29KU
2023-03-23,The Beach,2000,https://boxd.it/27T6
2023-03-23,The Abyss,1989,https://boxd.it/26mK
2023-03-23,The Hunt for Red October,1990,https://boxd.it/28lk
2023-03-23,Team America: World Police,2004,https://boxd.it/24QS
2023-03-23,Tron,1982,https://boxd.it/2b9w
2023-03-23,Hardcore Henry,2015,https://boxd.it/aAIM
2023-03-23,Conan the Barbarian,1982,https://boxd.it/1YOm
2023-03-23,Rambo: First Blood Part II,1985,https://boxd.it/28TQ
2023-03-23,National Lampoon's Vacation,1983,https://boxd.it/1Uvq
2023-03-23,Waterworld,1995,https://boxd.it/1XLG
2023-03-23,The Brothers Grimm,2005,https://boxd.it/24kW
2023-03-23,Lord of the Flies,1963,https://boxd.it/1Xqy
2023-03-23,Titan A.E.,2000,https://boxd.it/20W8
2023-03-23,The Most Dangerous Game,1932,https://boxd.it/27Gc
2023-03-23,The Mosquito Coast,1986,https://boxd.it/1UAA
2023-03-23,Sahara,2005,https://boxd.it/20XK
2023-03-25,Jerry and Tom,1998,https://boxd.it/2EQu
2023-03-26,24 Hour Party People,2002,https://boxd.it/26nI
2023-03-26,Waydowntown,2000,https://boxd.it/1P9a
2023-03-27,Puss in Boots: The Last Wish,2022,https://boxd.it/aaie
2023-03-30,Hellboy,2004,https://boxd.it/28HK
2023-03-31,9 Songs,2004,https://boxd.it/702
2023-04-02,"The Adventures of Priscilla, Queen of the Desert",1994,https://boxd.it/26mg
2023-04-02,UHF,1989,https://boxd.it/1SFI
2023-04-07,Shall We Dance?,1996,https://boxd.it/1UhS
2023-04-16,The Song of Styrene,1957,https://boxd.it/LPE
2023-04-17,The Northman,2022,https://boxd.it/nK2s
2023-05-07,Cold Fever,1995,https://boxd.it/2dhC
2023-05-17,Guardians of the Galaxy Vol. 3,2023,https://boxd.it/fVNI
2023-06-07,Spider-Man: Across the Spider-Verse,2023,https://boxd.it/kSz4
2023-07-03,Batman Forever,1995,https://boxd.it/2ara
2023-07-04,Ant-Man and the Wasp: Quantumania,2023,https://boxd.it/nL2y
2023-07-29,Dirty Dancing,1987,https://boxd.it/2baY
2023-08-15,The Super Mario Bros. Movie,2023,https://boxd.it/i8C8
2023-08-15,District B13,2004,https://boxd.it/1XdY
2023-08-19,Everything Everywhere All at Once,2022,https://boxd.it/jUk4
2023-08-26,Funny People,2009,https://boxd.it/1CRy
2023-08-26,Click,2006,https://boxd.it/1YVM
2023-08-26,Get Him to the Greek,2010,https://boxd.it/1gyk
2023-09-02,The Flash,2023,https://boxd.it/9twC
2023-09-03,Teenage Mutant Ninja Turtles: Mutant Mayhem,2023,https://boxd.it/mK0a
2023-09-04,Nobody,2021,https://boxd.it/mLqS
2023-09-05,Rumble in the Bronx,1995,https://boxd.it/1fi6
2023-09-05,Ring,1998,https://boxd.it/26tw
2023-09-15,Glass Onion,2022,https://boxd.it/oCkK
2023-10-08,Scott Pilgrim vs. the World,2010,https://boxd.it/1Aq6
2023-12-21,A Haunting in Venice,2023,https://boxd.it/zGdg
2023-12-21,The Barbarian Invasions,2003,https://boxd.it/1UMG
2023-12-21,The Decline of the American Empire,1986,https://boxd.it/1GQE
2023-12-21,Camouflage,1977,https://boxd.it/4tms
2023-12-31,Baby Driver,2017,https://boxd.it/bhF2
2024-06-03,Doctor Sleep,2019,https://boxd.it/i5vI
2024-06-03,Sweet Sixteen,2002,https://boxd.it/28SI
2024-07-15,Another Round,2020,https://boxd.it/lkba
2024-07-15,"Germany, Year Zero",1948,https://boxd.it/20FG
2024-07-29,The Idiot,1951,https://boxd.it/1x0O
2024-08-11,Drive My Car,2021,https://boxd.it/sv94
2024-08-11,Mouchette,1967,https://boxd.it/28Bs
2024-08-19,"The Devil, Probably",1977,https://boxd.it/1hJe
2024-08-29,L'Argent,1983,https://boxd.it/XIg
2024-09-02,The Princess Bride,1987,https://boxd.it/26EY
2024-09-16,Pickpocket,1959,https://boxd.it/29O8
2024-10-06,Ghost Dog: The Way of the Samurai,1999,https://boxd.it/23Ne
2024-10-13,Night on Earth,1991,https://boxd.it/2ayq
2024-10-23,Lush: A Far from Home Movie,2024,https://boxd.it/uXAQ
2024-10-30,The Death of David Cronenberg,2021,https://boxd.it/x1EG
2024-12-10,A Man Escaped,1956,https://boxd.it/1MzY
2024-12-13,Red Beard,1965,https://boxd.it/251m
2025-01-20,The Double Life of Véronique,1991,https://boxd.it/28va
2025-03-02,Renfield,2023,https://boxd.it/o8vy
2025-06-26,Il Posto,1961,https://boxd.it/1iqC
2025-09-15,The Thursday Murder Club,2025,https://boxd.it/rXju
2025-09-15,Superman,2025,https://boxd.it/E9IU
2025-09-15,Thunderbolts*,2025,https://boxd.it/BfbQ
2025-12-13,Wake Up Dead Man,2025,https://boxd.it/uAKS
2026-01-05,Four Nights of a Dreamer,1971,https://boxd.it/qRa
2026-01-09,The Structure of Crystal,1969,https://boxd.it/5bjs
2026-01-20,Shoeshine,1987,https://boxd.it/7bEE
2026-01-26,Frankenstein,2025,https://boxd.it/Ecsg
